0;100.0;150.0;1.67;2.5
1;100.0;150.0;3.33;5.0
2;100.0;150.0;5.0;7.5
3;100.0;150.0;6.67;10.0
4;100.0;150.0;8.33;12.5
5;100.0;150.0;10.0;15.0
6;100.0;150.0;11.67;17.5
7;100.0;150.0;13.33;20.0
8;100.0;150.0;15.0;22.5
9;100.0;150.0;16.67;25.0
10;100.0;150.0;18.33;27.5
11;100.0;150.0;20.0;30.0
12;100.0;150.0;21.67;32.5
13;100.0;150.0;23.33;35.0
14;100.0;150.0;25.0;37.5
15;100.0;150.0;26.67;40.0
16;100.0;150.0;28.33;42.5
17;100.0;150.0;30.0;45.0
18;100.0;150.0;31.67;47.5
19;100.0;150.0;33.33;50.0
20;100.0;150.0;35.0;52.5
21;100.0;150.0;36.67;55.0
22;100.0;150.0;38.33;57.5
23;100.0;150.0;40.0;60.0
24;100.0;150.0;41.67;62.5
25;100.0;150.0;43.33;65.0
26;100.0;150.0;45.0;67.5
27;100.0;150.0;46.67;70.0
28;100.0;150.0;48.33;72.5
29;100.0;150.0;50.0;75.0
30;100.0;150.0;51.67;77.5
31;100.0;150.0;53.33;80.0
32;100.0;150.0;55.0;82.5
33;100.0;150.0;56.67;85.0
34;100.0;150.0;58.33;87.5
35;100.0;150.0;60.0;90.0
36;100.0;150.0;61.67;92.5
37;100.0;150.0;63.33;95.0
38;100.0;150.0;65.0;97.5
39;100.0;150.0;66.67;100.0
40;100.0;150.0;68.33;102.5
41;100.0;150.0;70.0;105.0
42;100.0;150.0;71.67;107.5
43;100.0;150.0;73.33;110.0
44;100.0;150.0;75.0;112.5
45;100.0;150.0;76.67;115.0
46;100.0;150.0;78.33;117.5
47;100.0;150.0;80.0;120.0
48;100.0;150.0;81.67;122.5
49;100.0;150.0;83.33;125.0
50;100.0;150.0;85.0;127.5
51;100.0;150.0;86.67;130.0
52;100.0;150.0;88.33;132.5
53;100.0;150.0;90.0;135.0
54;100.0;150.0;91.67;137.5
55;100.0;150.0;93.33;140.0
56;100.0;150.0;95.0;142.5
57;100.0;150.0;96.67;145.0
58;100.0;150.0;98.33;147.5
59;100.0;150.0;100.0;150.0
60;100.0;150.0;101.67;152.5
61;100.0;150.0;103.33;155.0
62;100.0;150.0;105.0;157.5
63;100.0;150.0;106.67;160.0
64;100.0;150.0;108.33;162.5
65;100.0;150.0;110.0;165.0
66;100.0;150.0;111.67;167.5
67;100.0;150.0;113.33;170.0
68;100.0;150.0;115.0;172.5
69;100.0;150.0;116.67;175.0
70;100.0;150.0;118.33;177.5
71;100.0;150.0;120.0;180.0
72;100.0;150.0;121.67;182.5
73;100.0;150.0;123.33;185.0
74;100.0;150.0;125.0;187.5
75;100.0;150.0;126.67;190.0
76;100.0;150.0;128.33;192.5
77;100.0;150.0;130.0;195.0
78;100.0;150.0;131.67;197.5
79;100.0;150.0;133.33;200.0
80;100.0;150.0;135.0;202.5
81;100.0;150.0;136.67;205.0
82;100.0;150.0;138.33;207.5
83;100.0;150.0;140.0;210.0
84;100.0;150.0;141.67;212.5
85;100.0;150.0;143.33;215.0
86;100.0;150.0;145.0;217.5
87;100.0;150.0;146.67;220.0
88;100.0;150.0;148.33;222.5
89;100.0;150.0;150.0;225.0
90;100.0;150.0;151.67;227.5
91;100.0;150.0;153.33;230.0
92;100.0;150.0;155.0;232.5
93;100.0;150.0;156.67;235.0
94;100.0;150.0;158.33;237.5
95;100.0;150.0;160.0;240.0
96;100.0;150.0;161.67;242.5
97;100.0;150.0;163.33;245.0
98;100.0;150.0;165.0;247.5
99;100.0;150.0;166.67;250.0
100;100.0;150.0;168.33;252.5
101;100.0;150.0;170.0;255.0
102;100.0;150.0;171.67;257.5
103;100.0;150.0;173.33;260.0
104;100.0;150.0;175.0;262.5
105;100.0;150.0;176.67;265.0
106;100.0;150.0;178.33;267.5
107;100.0;150.0;180.0;270.0
108;100.0;150.0;181.67;272.5
109;100.0;150.0;183.33;275.0
110;100.0;150.0;185.0;277.5
111;100.0;150.0;186.67;280.0
112;100.0;150.0;188.33;282.5
113;100.0;150.0;190.0;285.0
114;100.0;150.0;191.67;287.5
115;100.0;150.0;193.33;290.0
116;100.0;150.0;195.0;292.5
117;100.0;150.0;196.67;295.0
118;100.0;150.0;198.33;297.5
119;100.0;150.0;200.0;300.0
120;60.0;150.0;201.0;302.5
121;60.0;150.0;202.0;305.0
122;60.0;150.0;203.0;307.5
123;60.0;150.0;204.0;310.0
124;60.0;150.0;205.0;312.5
125;60.0;150.0;206.0;315.0
126;60.0;150.0;207.0;317.5
127;60.0;150.0;208.0;320.0
128;60.0;150.0;209.0;322.5
129;60.0;150.0;210.0;325.0
130;60.0;150.0;211.0;327.5
131;60.0;150.0;212.0;330.0
132;60.0;150.0;213.0;332.5
133;60.0;150.0;214.0;335.0
134;60.0;150.0;215.0;337.5
135;60.0;150.0;216.0;340.0
136;60.0;150.0;217.0;342.5
137;60.0;150.0;218.0;345.0
138;60.0;150.0;219.0;347.5
139;60.0;150.0;220.0;350.0
140;60.0;150.0;221.0;352.5
141;60.0;150.0;222.0;355.0
142;60.0;150.0;223.0;357.5
143;60.0;150.0;224.0;360.0
144;60.0;150.0;225.0;362.5
145;60.0;150.0;226.0;365.0
146;60.0;150.0;227.0;367.5
147;60.0;150.0;228.0;370.0
148;60.0;150.0;229.0;372.5
149;60.0;150.0;230.0;375.0
150;60.0;150.0;231.0;377.5
151;60.0;150.0;232.0;380.0
152;60.0;150.0;233.0;382.5
153;60.0;150.0;234.0;385.0
154;60.0;150.0;235.0;387.5
155;60.0;150.0;236.0;390.0
156;60.0;150.0;237.0;392.5
157;60.0;150.0;238.0;395.0
158;60.0;150.0;239.0;397.5
159;60.0;150.0;240.0;400.0
160;60.0;150.0;241.0;402.5
161;60.0;150.0;242.0;405.0
162;60.0;150.0;243.0;407.5
163;60.0;150.0;244.0;410.0
164;60.0;150.0;245.0;412.5
165;60.0;150.0;246.0;415.0
166;60.0;150.0;247.0;417.5
167;60.0;150.0;248.0;420.0
168;60.0;150.0;249.0;422.5
169;60.0;150.0;250.0;425.0
170;60.0;150.0;251.0;427.5
171;60.0;150.0;252.0;430.0
172;60.0;150.0;253.0;432.5
173;60.0;150.0;254.0;435.0
174;60.0;150.0;255.0;437.5
175;60.0;150.0;256.0;440.0
176;60.0;150.0;257.0;442.5
177;60.0;150.0;258.0;445.0
178;60.0;150.0;259.0;447.5
179;60.0;150.0;260.0;450.0
180;60.0;150.0;261.0;452.5
181;60.0;150.0;262.0;455.0
182;60.0;150.0;263.0;457.5
183;60.0;150.0;264.0;460.0
184;60.0;150.0;265.0;462.5
185;60.0;150.0;266.0;465.0
186;60.0;150.0;267.0;467.5
187;60.0;150.0;268.0;470.0
188;60.0;150.0;269.0;472.5
189;60.0;150.0;270.0;475.0
190;60.0;150.0;271.0;477.5
191;60.0;150.0;272.0;480.0
192;60.0;150.0;273.0;482.5
193;60.0;150.0;274.0;485.0
194;60.0;150.0;275.0;487.5
195;60.0;150.0;276.0;490.0
196;60.0;150.0;277.0;492.5
197;60.0;150.0;278.0;495.0
198;60.0;150.0;279.0;497.5
199;60.0;150.0;280.0;500.0
200;60.0;150.0;281.0;502.5
201;60.0;150.0;282.0;505.0
202;60.0;150.0;283.0;507.5
203;60.0;150.0;284.0;510.0
204;60.0;150.0;285.0;512.5
205;60.0;150.0;286.0;515.0
206;60.0;150.0;287.0;517.5
207;60.0;150.0;288.0;520.0
208;60.0;150.0;289.0;522.5
209;60.0;150.0;290.0;525.0
210;60.0;150.0;291.0;527.5
211;60.0;150.0;292.0;530.0
212;60.0;150.0;293.0;532.5
213;60.0;150.0;294.0;535.0
214;60.0;150.0;295.0;537.5
215;60.0;150.0;296.0;540.0
216;60.0;150.0;297.0;542.5
217;60.0;150.0;298.0;545.0
218;60.0;150.0;299.0;547.5
219;60.0;150.0;300.0;550.0
220;60.0;150.0;301.0;552.5
221;60.0;150.0;302.0;555.0
222;60.0;150.0;303.0;557.5
223;60.0;150.0;304.0;560.0
224;60.0;150.0;305.0;562.5
225;60.0;150.0;306.0;565.0
226;60.0;150.0;307.0;567.5
227;60.0;150.0;308.0;570.0
228;60.0;150.0;309.0;572.5
229;60.0;150.0;310.0;575.0
230;60.0;150.0;311.0;577.5
231;60.0;150.0;312.0;580.0
232;60.0;150.0;313.0;582.5
233;60.0;150.0;314.0;585.0
234;60.0;150.0;315.0;587.5
235;60.0;150.0;316.0;590.0
236;60.0;150.0;317.0;592.5
237;60.0;150.0;318.0;595.0
238;60.0;150.0;319.0;597.5
239;60.0;150.0;320.0;600.0
240;60.0;150.0;321.0;602.5
241;60.0;150.0;322.0;605.0
242;60.0;150.0;323.0;607.5
243;60.0;150.0;324.0;610.0
244;60.0;150.0;325.0;612.5
245;60.0;150.0;326.0;615.0
246;60.0;150.0;327.0;617.5
247;60.0;150.0;328.0;620.0
248;60.0;150.0;329.0;622.5
249;60.0;150.0;330.0;625.0
250;60.0;150.0;331.0;627.5
251;60.0;150.0;332.0;630.0
252;60.0;150.0;333.0;632.5
253;60.0;150.0;334.0;635.0
254;60.0;150.0;335.0;637.5
255;60.0;150.0;336.0;640.0
256;60.0;150.0;337.0;642.5
257;60.0;150.0;338.0;645.0
258;60.0;150.0;339.0;647.5
259;60.0;150.0;340.0;650.0
260;60.0;150.0;341.0;652.5
261;60.0;150.0;342.0;655.0
262;60.0;150.0;343.0;657.5
263;60.0;150.0;344.0;660.0
264;60.0;150.0;345.0;662.5
265;60.0;150.0;346.0;665.0
266;60.0;150.0;347.0;667.5
267;60.0;150.0;348.0;670.0
268;60.0;150.0;349.0;672.5
269;60.0;150.0;350.0;675.0
270;60.0;150.0;351.0;677.5
271;60.0;150.0;352.0;680.0
272;60.0;150.0;353.0;682.5
273;60.0;150.0;354.0;685.0
274;60.0;150.0;355.0;687.5
275;60.0;150.0;356.0;690.0
276;60.0;150.0;357.0;692.5
277;60.0;150.0;358.0;695.0
278;60.0;150.0;359.0;697.5
279;60.0;150.0;360.0;700.0
280;60.0;150.0;361.0;702.5
281;60.0;150.0;362.0;705.0
282;60.0;150.0;363.0;707.5
283;60.0;150.0;364.0;710.0
284;60.0;150.0;365.0;712.5
285;60.0;150.0;366.0;715.0
286;60.0;150.0;367.0;717.5
287;60.0;150.0;368.0;720.0
288;60.0;150.0;369.0;722.5
289;60.0;150.0;370.0;725.0
290;60.0;150.0;371.0;727.5
291;60.0;150.0;372.0;730.0
292;60.0;150.0;373.0;732.5
293;60.0;150.0;374.0;735.0
294;60.0;150.0;375.0;737.5
295;60.0;150.0;376.0;740.0
296;60.0;150.0;377.0;742.5
297;60.0;150.0;378.0;745.0
298;60.0;150.0;379.0;747.5
299;60.0;150.0;380.0;750.0
300;60.0;150.0;381.0;752.5
301;60.0;150.0;382.0;755.0
302;60.0;150.0;383.0;757.5
303;60.0;150.0;384.0;760.0
304;60.0;150.0;385.0;762.5
305;60.0;150.0;386.0;765.0
306;60.0;150.0;387.0;767.5
307;60.0;150.0;388.0;770.0
308;60.0;150.0;389.0;772.5
309;60.0;150.0;390.0;775.0
310;60.0;150.0;391.0;777.5
311;60.0;150.0;392.0;780.0
312;60.0;150.0;393.0;782.5
313;60.0;150.0;394.0;785.0
314;60.0;150.0;395.0;787.5
315;60.0;150.0;396.0;790.0
316;60.0;150.0;397.0;792.5
317;60.0;150.0;398.0;795.0
318;60.0;150.0;399.0;797.5
319;60.0;150.0;400.0;800.0
320;60.0;150.0;401.0;802.5
321;60.0;150.0;402.0;805.0
322;60.0;150.0;403.0;807.5
323;60.0;150.0;404.0;810.0
324;60.0;150.0;405.0;812.5
325;60.0;150.0;406.0;815.0
326;60.0;150.0;407.0;817.5
327;60.0;150.0;408.0;820.0
328;60.0;150.0;409.0;822.5
329;60.0;150.0;410.0;825.0
330;60.0;150.0;411.0;827.5
331;60.0;150.0;412.0;830.0
332;60.0;150.0;413.0;832.5
333;60.0;150.0;414.0;835.0
334;60.0;150.0;415.0;837.5
335;60.0;150.0;416.0;840.0
336;60.0;150.0;417.0;842.5
337;60.0;150.0;418.0;845.0
338;60.0;150.0;419.0;847.5
339;60.0;150.0;420.0;850.0
340;60.0;150.0;421.0;852.5
341;60.0;150.0;422.0;855.0
342;60.0;150.0;423.0;857.5
343;60.0;150.0;424.0;860.0
344;60.0;150.0;425.0;862.5
345;60.0;150.0;426.0;865.0
346;60.0;150.0;427.0;867.5
347;60.0;150.0;428.0;870.0
348;60.0;150.0;429.0;872.5
349;60.0;150.0;430.0;875.0
350;60.0;150.0;431.0;877.5
351;60.0;150.0;432.0;880.0
352;60.0;150.0;433.0;882.5
353;60.0;150.0;434.0;885.0
354;60.0;150.0;435.0;887.5
355;60.0;150.0;436.0;890.0
356;60.0;150.0;437.0;892.5
357;60.0;150.0;438.0;895.0
358;60.0;150.0;439.0;897.5
359;60.0;150.0;440.0;900.0
360;60.0;150.0;441.0;902.5
361;60.0;150.0;442.0;905.0
362;60.0;150.0;443.0;907.5
363;60.0;150.0;444.0;910.0
364;60.0;150.0;445.0;912.5
365;60.0;150.0;446.0;915.0
366;60.0;150.0;447.0;917.5
367;60.0;150.0;448.0;920.0
368;60.0;150.0;449.0;922.5
369;60.0;150.0;450.0;925.0
370;60.0;150.0;451.0;927.5
371;60.0;150.0;452.0;930.0
372;60.0;150.0;453.0;932.5
373;60.0;150.0;454.0;935.0
374;60.0;150.0;455.0;937.5
375;60.0;150.0;456.0;940.0
376;60.0;150.0;457.0;942.5
377;60.0;150.0;458.0;945.0
378;60.0;150.0;459.0;947.5
379;60.0;150.0;460.0;950.0
380;60.0;150.0;461.0;952.5
381;60.0;150.0;462.0;955.0
382;60.0;150.0;463.0;957.5
383;60.0;150.0;464.0;960.0
384;60.0;150.0;465.0;962.5
385;60.0;150.0;466.0;965.0
386;60.0;150.0;467.0;967.5
387;60.0;150.0;468.0;970.0
388;60.0;150.0;469.0;972.5
389;60.0;150.0;470.0;975.0
390;60.0;150.0;471.0;977.5
391;60.0;150.0;472.0;980.0
392;60.0;150.0;473.0;982.5
393;60.0;150.0;474.0;985.0
394;60.0;150.0;475.0;987.5
395;60.0;150.0;476.0;990.0
396;60.0;150.0;477.0;992.5
397;60.0;150.0;478.0;995.0
398;60.0;150.0;479.0;997.5
399;60.0;150.0;480.0;1000.0
400;60.0;150.0;481.0;1002.5
401;60.0;150.0;482.0;1005.0
402;60.0;150.0;483.0;1007.5
403;60.0;150.0;484.0;1010.0
404;60.0;150.0;485.0;1012.5
405;60.0;150.0;486.0;1015.0
406;60.0;150.0;487.0;1017.5
407;60.0;150.0;488.0;1020.0
408;60.0;150.0;489.0;1022.5
409;60.0;150.0;490.0;1025.0
410;60.0;150.0;491.0;1027.5
411;60.0;150.0;492.0;1030.0
412;60.0;150.0;493.0;1032.5
413;60.0;150.0;494.0;1035.0
414;60.0;150.0;495.0;1037.5
415;60.0;150.0;496.0;1040.0
416;60.0;150.0;497.0;1042.5
417;60.0;150.0;498.0;1045.0
418;60.0;150.0;499.0;1047.5
419;60.0;150.0;500.0;1050.0
420;100.0;150.0;501.67;1052.5
421;100.0;150.0;503.33;1055.0
422;100.0;150.0;505.0;1057.5
423;100.0;150.0;506.67;1060.0
424;100.0;150.0;508.33;1062.5
425;100.0;150.0;510.0;1065.0
426;100.0;150.0;511.67;1067.5
427;100.0;150.0;513.33;1070.0
428;100.0;150.0;515.0;1072.5
429;100.0;150.0;516.67;1075.0
430;100.0;150.0;518.33;1077.5
431;100.0;150.0;520.0;1080.0
432;100.0;150.0;521.67;1082.5
433;100.0;150.0;523.33;1085.0
434;100.0;150.0;525.0;1087.5
435;100.0;150.0;526.67;1090.0
436;100.0;150.0;528.33;1092.5
437;100.0;150.0;530.0;1095.0
438;100.0;150.0;531.67;1097.5
439;100.0;150.0;533.33;1100.0
440;60.0;150.0;534.33;1102.5
441;60.0;150.0;535.33;1105.0
442;60.0;150.0;536.33;1107.5
443;60.0;150.0;537.33;1110.0
444;60.0;150.0;538.33;1112.5
445;60.0;150.0;539.33;1115.0
446;60.0;150.0;540.33;1117.5
447;60.0;150.0;541.33;1120.0
448;60.0;150.0;542.33;1122.5
449;60.0;150.0;543.33;1125.0
450;60.0;150.0;544.33;1127.5
451;60.0;150.0;545.33;1130.0
452;60.0;150.0;546.33;1132.5
453;60.0;150.0;547.33;1135.0
454;60.0;150.0;548.33;1137.5
455;60.0;150.0;549.33;1140.0
456;60.0;150.0;550.33;1142.5
457;60.0;150.0;551.33;1145.0
458;60.0;150.0;552.33;1147.5
459;60.0;150.0;553.33;1150.0
460;100.0;150.0;555.0;1152.5
461;100.0;150.0;556.67;1155.0
462;100.0;150.0;558.33;1157.5
463;100.0;150.0;560.0;1160.0
464;100.0;150.0;561.67;1162.5
465;100.0;150.0;563.33;1165.0
466;100.0;150.0;565.0;1167.5
467;100.0;150.0;566.67;1170.0
468;100.0;150.0;568.33;1172.5
469;100.0;150.0;570.0;1175.0
470;100.0;150.0;571.67;1177.5
471;100.0;150.0;573.33;1180.0
472;100.0;150.0;575.0;1182.5
473;100.0;150.0;576.67;1185.0
474;100.0;150.0;578.33;1187.5
475;100.0;150.0;580.0;1190.0
476;100.0;150.0;581.67;1192.5
477;100.0;150.0;583.33;1195.0
478;100.0;150.0;585.0;1197.5
479;100.0;150.0;586.67;1200.0
480;40.0;150.0;587.33;1202.5
481;40.0;150.0;588.0;1205.0
482;40.0;150.0;588.67;1207.5
483;40.0;150.0;589.33;1210.0
484;40.0;150.0;590.0;1212.5
485;40.0;150.0;590.67;1215.0
486;40.0;150.0;591.33;1217.5
487;40.0;150.0;592.0;1220.0
488;40.0;150.0;592.67;1222.5
489;40.0;150.0;593.33;1225.0
490;40.0;150.0;594.0;1227.5
491;40.0;150.0;594.67;1230.0
492;40.0;150.0;595.33;1232.5
493;40.0;150.0;596.0;1235.0
494;40.0;150.0;596.67;1237.5
495;40.0;150.0;597.33;1240.0
496;40.0;150.0;598.0;1242.5
497;40.0;150.0;598.67;1245.0
498;40.0;150.0;599.33;1247.5
499;40.0;150.0;600.0;1250.0
500;40.0;150.0;600.67;1252.5
501;40.0;150.0;601.33;1255.0
502;40.0;150.0;602.0;1257.5
503;40.0;150.0;602.67;1260.0
504;40.0;150.0;603.33;1262.5
505;40.0;150.0;604.0;1265.0
506;40.0;150.0;604.67;1267.5
507;40.0;150.0;605.33;1270.0
508;40.0;150.0;606.0;1272.5
509;40.0;150.0;606.67;1275.0
510;40.0;150.0;607.33;1277.5
511;40.0;150.0;608.0;1280.0
512;40.0;150.0;608.67;1282.5
513;40.0;150.0;609.33;1285.0
514;40.0;150.0;610.0;1287.5
515;40.0;150.0;610.67;1290.0
516;40.0;150.0;611.33;1292.5
517;40.0;150.0;612.0;1295.0
518;40.0;150.0;612.67;1297.5
519;40.0;150.0;613.33;1300.0
520;40.0;150.0;614.0;1302.5
521;40.0;150.0;614.67;1305.0
522;40.0;150.0;615.33;1307.5
523;40.0;150.0;616.0;1310.0
524;40.0;150.0;616.67;1312.5
525;40.0;150.0;617.33;1315.0
526;40.0;150.0;618.0;1317.5
527;40.0;150.0;618.67;1320.0
528;40.0;150.0;619.33;1322.5
529;40.0;150.0;620.0;1325.0
530;40.0;150.0;620.67;1327.5
531;40.0;150.0;621.33;1330.0
532;40.0;150.0;622.0;1332.5
533;40.0;150.0;622.67;1335.0
534;40.0;150.0;623.33;1337.5
535;40.0;150.0;624.0;1340.0
536;40.0;150.0;624.67;1342.5
537;40.0;150.0;625.33;1345.0
538;40.0;150.0;626.0;1347.5
539;40.0;150.0;626.67;1350.0
540;40.0;150.0;627.33;1352.5
541;40.0;150.0;628.0;1355.0
542;40.0;150.0;628.67;1357.5
543;40.0;150.0;629.33;1360.0
544;40.0;150.0;630.0;1362.5
545;40.0;150.0;630.67;1365.0
546;40.0;150.0;631.33;1367.5
547;40.0;150.0;632.0;1370.0
548;40.0;150.0;632.67;1372.5
549;40.0;150.0;633.33;1375.0
550;40.0;150.0;634.0;1377.5
551;40.0;150.0;634.67;1380.0
552;40.0;150.0;635.33;1382.5
553;40.0;150.0;636.0;1385.0
554;40.0;150.0;636.67;1387.5
555;40.0;150.0;637.33;1390.0
556;40.0;150.0;638.0;1392.5
557;40.0;150.0;638.67;1395.0
558;40.0;150.0;639.33;1397.5
559;40.0;150.0;640.0;1400.0
560;40.0;150.0;640.67;1402.5
561;40.0;150.0;641.33;1405.0
562;40.0;150.0;642.0;1407.5
563;40.0;150.0;642.67;1410.0
564;40.0;150.0;643.33;1412.5
565;40.0;150.0;644.0;1415.0
566;40.0;150.0;644.67;1417.5
567;40.0;150.0;645.33;1420.0
568;40.0;150.0;646.0;1422.5
569;40.0;150.0;646.67;1425.0
570;40.0;150.0;647.33;1427.5
571;40.0;150.0;648.0;1430.0
572;40.0;150.0;648.67;1432.5
573;40.0;150.0;649.33;1435.0
574;40.0;150.0;650.0;1437.5
575;40.0;150.0;650.67;1440.0
576;40.0;150.0;651.33;1442.5
577;40.0;150.0;652.0;1445.0
578;40.0;150.0;652.67;1447.5
579;40.0;150.0;653.33;1450.0
580;40.0;150.0;654.0;1452.5
581;40.0;150.0;654.67;1455.0
582;40.0;150.0;655.33;1457.5
583;40.0;150.0;656.0;1460.0
584;40.0;150.0;656.67;1462.5
585;40.0;150.0;657.33;1465.0
586;40.0;150.0;658.0;1467.5
587;40.0;150.0;658.67;1470.0
588;40.0;150.0;659.33;1472.5
589;40.0;150.0;660.0;1475.0
590;40.0;150.0;660.67;1477.5
591;40.0;150.0;661.33;1480.0
592;40.0;150.0;662.0;1482.5
593;40.0;150.0;662.67;1485.0
594;40.0;150.0;663.33;1487.5
595;40.0;150.0;664.0;1490.0
596;40.0;150.0;664.67;1492.5
597;40.0;150.0;665.33;1495.0
598;40.0;150.0;666.0;1497.5
599;40.0;150.0;666.67;1500.0
600;40.0;150.0;667.33;1502.5
601;40.0;150.0;668.0;1505.0
602;40.0;150.0;668.67;1507.5
603;40.0;150.0;669.33;1510.0
604;40.0;150.0;670.0;1512.5
605;40.0;150.0;670.67;1515.0
606;40.0;150.0;671.33;1517.5
607;40.0;150.0;672.0;1520.0
608;40.0;150.0;672.67;1522.5
609;40.0;150.0;673.33;1525.0
610;40.0;150.0;674.0;1527.5
611;40.0;150.0;674.67;1530.0
612;40.0;150.0;675.33;1532.5
613;40.0;150.0;676.0;1535.0
614;40.0;150.0;676.67;1537.5
615;40.0;150.0;677.33;1540.0
616;40.0;150.0;678.0;1542.5
617;40.0;150.0;678.67;1545.0
618;40.0;150.0;679.33;1547.5
619;40.0;150.0;680.0;1550.0
620;40.0;150.0;680.67;1552.5
621;40.0;150.0;681.33;1555.0
622;40.0;150.0;682.0;1557.5
623;40.0;150.0;682.67;1560.0
624;40.0;150.0;683.33;1562.5
625;40.0;150.0;684.0;1565.0
626;40.0;150.0;684.67;1567.5
627;40.0;150.0;685.33;1570.0
628;40.0;150.0;686.0;1572.5
629;40.0;150.0;686.67;1575.0
630;40.0;150.0;687.33;1577.5
631;40.0;150.0;688.0;1580.0
632;40.0;150.0;688.67;1582.5
633;40.0;150.0;689.33;1585.0
634;40.0;150.0;690.0;1587.5
635;40.0;150.0;690.67;1590.0
636;40.0;150.0;691.33;1592.5
637;40.0;150.0;692.0;1595.0
638;40.0;150.0;692.67;1597.5
639;40.0;150.0;693.33;1600.0
640;40.0;150.0;694.0;1602.5
641;40.0;150.0;694.67;1605.0
642;40.0;150.0;695.33;1607.5
643;40.0;150.0;696.0;1610.0
644;40.0;150.0;696.67;1612.5
645;40.0;150.0;697.33;1615.0
646;40.0;150.0;698.0;1617.5
647;40.0;150.0;698.67;1620.0
648;40.0;150.0;699.33;1622.5
649;40.0;150.0;700.0;1625.0
650;40.0;150.0;700.67;1627.5
651;40.0;150.0;701.33;1630.0
652;40.0;150.0;702.0;1632.5
653;40.0;150.0;702.67;1635.0
654;40.0;150.0;703.33;1637.5
655;40.0;150.0;704.0;1640.0
656;40.0;150.0;704.67;1642.5
657;40.0;150.0;705.33;1645.0
658;40.0;150.0;706.0;1647.5
659;40.0;150.0;706.67;1650.0
660;40.0;150.0;707.33;1652.5
661;40.0;150.0;708.0;1655.0
662;40.0;150.0;708.67;1657.5
663;40.0;150.0;709.33;1660.0
664;40.0;150.0;710.0;1662.5
665;40.0;150.0;710.67;1665.0
666;40.0;150.0;711.33;1667.5
667;40.0;150.0;712.0;1670.0
668;40.0;150.0;712.67;1672.5
669;40.0;150.0;713.33;1675.0
670;40.0;150.0;714.0;1677.5
671;40.0;150.0;714.67;1680.0
672;40.0;150.0;715.33;1682.5
673;40.0;150.0;716.0;1685.0
674;40.0;150.0;716.67;1687.5
675;40.0;150.0;717.33;1690.0
676;40.0;150.0;718.0;1692.5
677;40.0;150.0;718.67;1695.0
678;40.0;150.0;719.33;1697.5
679;40.0;150.0;720.0;1700.0
680;40.0;150.0;720.67;1702.5
681;40.0;150.0;721.33;1705.0
682;40.0;150.0;722.0;1707.5
683;40.0;150.0;722.67;1710.0
684;40.0;150.0;723.33;1712.5
685;40.0;150.0;724.0;1715.0
686;40.0;150.0;724.67;1717.5
687;40.0;150.0;725.33;1720.0
688;40.0;150.0;726.0;1722.5
689;40.0;150.0;726.67;1725.0
690;40.0;150.0;727.33;1727.5
691;40.0;150.0;728.0;1730.0
692;40.0;150.0;728.67;1732.5
693;40.0;150.0;729.33;1735.0
694;40.0;150.0;730.0;1737.5
695;40.0;150.0;730.67;1740.0
696;40.0;150.0;731.33;1742.5
697;40.0;150.0;732.0;1745.0
698;40.0;150.0;732.67;1747.5
699;40.0;150.0;733.33;1750.0
700;40.0;150.0;734.0;1752.5
701;40.0;150.0;734.67;1755.0
702;40.0;150.0;735.33;1757.5
703;40.0;150.0;736.0;1760.0
704;40.0;150.0;736.67;1762.5
705;40.0;150.0;737.33;1765.0
706;40.0;150.0;738.0;1767.5
707;40.0;150.0;738.67;1770.0
708;40.0;150.0;739.33;1772.5
709;40.0;150.0;740.0;1775.0
710;40.0;150.0;740.67;1777.5
711;40.0;150.0;741.33;1780.0
712;40.0;150.0;742.0;1782.5
713;40.0;150.0;742.67;1785.0
714;40.0;150.0;743.33;1787.5
715;40.0;150.0;744.0;1790.0
716;40.0;150.0;744.67;1792.5
717;40.0;150.0;745.33;1795.0
718;40.0;150.0;746.0;1797.5
719;40.0;150.0;746.67;1800.0
720;40.0;150.0;747.33;1802.5
721;40.0;150.0;748.0;1805.0
722;40.0;150.0;748.67;1807.5
723;40.0;150.0;749.33;1810.0
724;40.0;150.0;750.0;1812.5
725;40.0;150.0;750.67;1815.0
726;40.0;150.0;751.33;1817.5
727;40.0;150.0;752.0;1820.0
728;40.0;150.0;752.67;1822.5
729;40.0;150.0;753.33;1825.0
730;40.0;150.0;754.0;1827.5
731;40.0;150.0;754.67;1830.0
732;40.0;150.0;755.33;1832.5
733;40.0;150.0;756.0;1835.0
734;40.0;150.0;756.67;1837.5
735;40.0;150.0;757.33;1840.0
736;40.0;150.0;758.0;1842.5
737;40.0;150.0;758.67;1845.0
738;40.0;150.0;759.33;1847.5
739;40.0;150.0;760.0;1850.0
740;40.0;150.0;760.67;1852.5
741;40.0;150.0;761.33;1855.0
742;40.0;150.0;762.0;1857.5
743;40.0;150.0;762.67;1860.0
744;40.0;150.0;763.33;1862.5
745;40.0;150.0;764.0;1865.0
746;40.0;150.0;764.67;1867.5
747;40.0;150.0;765.33;1870.0
748;40.0;150.0;766.0;1872.5
749;40.0;150.0;766.67;1875.0
750;40.0;150.0;767.33;1877.5
751;40.0;150.0;768.0;1880.0
752;40.0;150.0;768.67;1882.5
753;40.0;150.0;769.33;1885.0
754;40.0;150.0;770.0;1887.5
755;40.0;150.0;770.67;1890.0
756;40.0;150.0;771.33;1892.5
757;40.0;150.0;772.0;1895.0
758;40.0;150.0;772.67;1897.5
759;40.0;150.0;773.33;1900.0
760;40.0;150.0;774.0;1902.5
761;40.0;150.0;774.67;1905.0
762;40.0;150.0;775.33;1907.5
763;40.0;150.0;776.0;1910.0
764;40.0;150.0;776.67;1912.5
765;40.0;150.0;777.33;1915.0
766;40.0;150.0;778.0;1917.5
767;40.0;150.0;778.67;1920.0
768;40.0;150.0;779.33;1922.5
769;40.0;150.0;780.0;1925.0
770;40.0;150.0;780.67;1927.5
771;40.0;150.0;781.33;1930.0
772;40.0;150.0;782.0;1932.5
773;40.0;150.0;782.67;1935.0
774;40.0;150.0;783.33;1937.5
775;40.0;150.0;784.0;1940.0
776;40.0;150.0;784.67;1942.5
777;40.0;150.0;785.33;1945.0
778;40.0;150.0;786.0;1947.5
779;40.0;150.0;786.67;1950.0
780;40.0;150.0;787.33;1952.5
781;40.0;150.0;788.0;1955.0
782;40.0;150.0;788.67;1957.5
783;40.0;150.0;789.33;1960.0
784;40.0;150.0;790.0;1962.5
785;40.0;150.0;790.67;1965.0
786;40.0;150.0;791.33;1967.5
787;40.0;150.0;792.0;1970.0
788;40.0;150.0;792.67;1972.5
789;40.0;150.0;793.33;1975.0
790;40.0;150.0;794.0;1977.5
791;40.0;150.0;794.67;1980.0
792;40.0;150.0;795.33;1982.5
793;40.0;150.0;796.0;1985.0
794;40.0;150.0;796.67;1987.5
795;40.0;150.0;797.33;1990.0
796;40.0;150.0;798.0;1992.5
797;40.0;150.0;798.67;1995.0
798;40.0;150.0;799.33;1997.5
799;40.0;150.0;800.0;2000.0
800;40.0;150.0;800.67;2002.5
801;40.0;150.0;801.33;2005.0
802;40.0;150.0;802.0;2007.5
803;40.0;150.0;802.67;2010.0
804;40.0;150.0;803.33;2012.5
805;40.0;150.0;804.0;2015.0
806;40.0;150.0;804.67;2017.5
807;40.0;150.0;805.33;2020.0
808;40.0;150.0;806.0;2022.5
809;40.0;150.0;806.67;2025.0
810;40.0;150.0;807.33;2027.5
811;40.0;150.0;808.0;2030.0
812;40.0;150.0;808.67;2032.5
813;40.0;150.0;809.33;2035.0
814;40.0;150.0;810.0;2037.5
815;40.0;150.0;810.67;2040.0
816;40.0;150.0;811.33;2042.5
817;40.0;150.0;812.0;2045.0
818;40.0;150.0;812.67;2047.5
819;40.0;150.0;813.33;2050.0
820;40.0;150.0;814.0;2052.5
821;40.0;150.0;814.67;2055.0
822;40.0;150.0;815.33;2057.5
823;40.0;150.0;816.0;2060.0
824;40.0;150.0;816.67;2062.5
825;40.0;150.0;817.33;2065.0
826;40.0;150.0;818.0;2067.5
827;40.0;150.0;818.67;2070.0
828;40.0;150.0;819.33;2072.5
829;40.0;150.0;820.0;2075.0
830;40.0;150.0;820.67;2077.5
831;40.0;150.0;821.33;2080.0
832;40.0;150.0;822.0;2082.5
833;40.0;150.0;822.67;2085.0
834;40.0;150.0;823.33;2087.5
835;40.0;150.0;824.0;2090.0
836;40.0;150.0;824.67;2092.5
837;40.0;150.0;825.33;2095.0
838;40.0;150.0;826.0;2097.5
839;40.0;150.0;826.67;2100.0
840;40.0;150.0;827.33;2102.5
841;40.0;150.0;828.0;2105.0
842;40.0;150.0;828.67;2107.5
843;40.0;150.0;829.33;2110.0
844;40.0;150.0;830.0;2112.5
845;40.0;150.0;830.67;2115.0
846;40.0;150.0;831.33;2117.5
847;40.0;150.0;832.0;2120.0
848;40.0;150.0;832.67;2122.5
849;40.0;150.0;833.33;2125.0
850;40.0;150.0;834.0;2127.5
851;40.0;150.0;834.67;2130.0
852;40.0;150.0;835.33;2132.5
853;40.0;150.0;836.0;2135.0
854;40.0;150.0;836.67;2137.5
855;40.0;150.0;837.33;2140.0
856;40.0;150.0;838.0;2142.5
857;40.0;150.0;838.67;2145.0
858;40.0;150.0;839.33;2147.5
859;40.0;150.0;840.0;2150.0
860;40.0;150.0;840.67;2152.5
861;40.0;150.0;841.33;2155.0
862;40.0;150.0;842.0;2157.5
863;40.0;150.0;842.67;2160.0
864;40.0;150.0;843.33;2162.5
865;40.0;150.0;844.0;2165.0
866;40.0;150.0;844.67;2167.5
867;40.0;150.0;845.33;2170.0
868;40.0;150.0;846.0;2172.5
869;40.0;150.0;846.67;2175.0
870;40.0;150.0;847.33;2177.5
871;40.0;150.0;848.0;2180.0
872;40.0;150.0;848.67;2182.5
873;40.0;150.0;849.33;2185.0
874;40.0;150.0;850.0;2187.5
875;40.0;150.0;850.67;2190.0
876;40.0;150.0;851.33;2192.5
877;40.0;150.0;852.0;2195.0
878;40.0;150.0;852.67;2197.5
879;40.0;150.0;853.33;2200.0
880;40.0;150.0;854.0;2202.5
881;40.0;150.0;854.67;2205.0
882;40.0;150.0;855.33;2207.5
883;40.0;150.0;856.0;2210.0
884;40.0;150.0;856.67;2212.5
885;40.0;150.0;857.33;2215.0
886;40.0;150.0;858.0;2217.5
887;40.0;150.0;858.67;2220.0
888;40.0;150.0;859.33;2222.5
889;40.0;150.0;860.0;2225.0
890;40.0;150.0;860.67;2227.5
891;40.0;150.0;861.33;2230.0
892;40.0;150.0;862.0;2232.5
893;40.0;150.0;862.67;2235.0
894;40.0;150.0;863.33;2237.5
895;40.0;150.0;864.0;2240.0
896;40.0;150.0;864.67;2242.5
897;40.0;150.0;865.33;2245.0
898;40.0;150.0;866.0;2247.5
899;40.0;150.0;866.67;2250.0
900;40.0;150.0;867.33;2252.5
901;40.0;150.0;868.0;2255.0
902;40.0;150.0;868.67;2257.5
903;40.0;150.0;869.33;2260.0
904;40.0;150.0;870.0;2262.5
905;40.0;150.0;870.67;2265.0
906;40.0;150.0;871.33;2267.5
907;40.0;150.0;872.0;2270.0
908;40.0;150.0;872.67;2272.5
909;40.0;150.0;873.33;2275.0
910;40.0;150.0;874.0;2277.5
911;40.0;150.0;874.67;2280.0
912;40.0;150.0;875.33;2282.5
913;40.0;150.0;876.0;2285.0
914;40.0;150.0;876.67;2287.5
915;40.0;150.0;877.33;2290.0
916;40.0;150.0;878.0;2292.5
917;40.0;150.0;878.67;2295.0
918;40.0;150.0;879.33;2297.5
919;40.0;150.0;880.0;2300.0
920;40.0;150.0;880.67;2302.5
921;40.0;150.0;881.33;2305.0
922;40.0;150.0;882.0;2307.5
923;40.0;150.0;882.67;2310.0
924;40.0;150.0;883.33;2312.5
925;40.0;150.0;884.0;2315.0
926;40.0;150.0;884.67;2317.5
927;40.0;150.0;885.33;2320.0
928;40.0;150.0;886.0;2322.5
929;40.0;150.0;886.67;2325.0
930;40.0;150.0;887.33;2327.5
931;40.0;150.0;888.0;2330.0
932;40.0;150.0;888.67;2332.5
933;40.0;150.0;889.33;2335.0
934;40.0;150.0;890.0;2337.5
935;40.0;150.0;890.67;2340.0
936;40.0;150.0;891.33;2342.5
937;40.0;150.0;892.0;2345.0
938;40.0;150.0;892.67;2347.5
939;40.0;150.0;893.33;2350.0
940;40.0;150.0;894.0;2352.5
941;40.0;150.0;894.67;2355.0
942;40.0;150.0;895.33;2357.5
943;40.0;150.0;896.0;2360.0
944;40.0;150.0;896.67;2362.5
945;40.0;150.0;897.33;2365.0
946;40.0;150.0;898.0;2367.5
947;40.0;150.0;898.67;2370.0
948;40.0;150.0;899.33;2372.5
949;40.0;150.0;900.0;2375.0
950;40.0;150.0;900.67;2377.5
951;40.0;150.0;901.33;2380.0
952;40.0;150.0;902.0;2382.5
953;40.0;150.0;902.67;2385.0
954;40.0;150.0;903.33;2387.5
955;40.0;150.0;904.0;2390.0
956;40.0;150.0;904.67;2392.5
957;40.0;150.0;905.33;2395.0
958;40.0;150.0;906.0;2397.5
959;40.0;150.0;906.67;2400.0
960;40.0;150.0;907.33;2402.5
961;40.0;150.0;908.0;2405.0
962;40.0;150.0;908.67;2407.5
963;40.0;150.0;909.33;2410.0
964;40.0;150.0;910.0;2412.5
965;40.0;150.0;910.67;2415.0
966;40.0;150.0;911.33;2417.5
967;40.0;150.0;912.0;2420.0
968;40.0;150.0;912.67;2422.5
969;40.0;150.0;913.33;2425.0
970;40.0;150.0;914.0;2427.5
971;40.0;150.0;914.67;2430.0
972;40.0;150.0;915.33;2432.5
973;40.0;150.0;916.0;2435.0
974;40.0;150.0;916.67;2437.5
975;40.0;150.0;917.33;2440.0
976;40.0;150.0;918.0;2442.5
977;40.0;150.0;918.67;2445.0
978;40.0;150.0;919.33;2447.5
979;40.0;150.0;920.0;2450.0
980;40.0;150.0;920.67;2452.5
981;40.0;150.0;921.33;2455.0
982;40.0;150.0;922.0;2457.5
983;40.0;150.0;922.67;2460.0
984;40.0;150.0;923.33;2462.5
985;40.0;150.0;924.0;2465.0
986;40.0;150.0;924.67;2467.5
987;40.0;150.0;925.33;2470.0
988;40.0;150.0;926.0;2472.5
989;40.0;150.0;926.67;2475.0
990;40.0;150.0;927.33;2477.5
991;40.0;150.0;928.0;2480.0
992;40.0;150.0;928.67;2482.5
993;40.0;150.0;929.33;2485.0
994;40.0;150.0;930.0;2487.5
995;40.0;150.0;930.67;2490.0
996;40.0;150.0;931.33;2492.5
997;40.0;150.0;932.0;2495.0
998;40.0;150.0;932.67;2497.5
999;40.0;150.0;933.33;2500.0
1000;40.0;150.0;934.0;2502.5
1001;40.0;150.0;934.67;2505.0
1002;40.0;150.0;935.33;2507.5
1003;40.0;150.0;936.0;2510.0
1004;40.0;150.0;936.67;2512.5
1005;40.0;150.0;937.33;2515.0
1006;40.0;150.0;938.0;2517.5
1007;40.0;150.0;938.67;2520.0
1008;40.0;150.0;939.33;2522.5
1009;40.0;150.0;940.0;2525.0
1010;40.0;150.0;940.67;2527.5
1011;40.0;150.0;941.33;2530.0
1012;40.0;150.0;942.0;2532.5
1013;40.0;150.0;942.67;2535.0
1014;40.0;150.0;943.33;2537.5
1015;40.0;150.0;944.0;2540.0
1016;40.0;150.0;944.67;2542.5
1017;40.0;150.0;945.33;2545.0
1018;40.0;150.0;946.0;2547.5
1019;40.0;150.0;946.67;2550.0
1020;40.0;150.0;947.33;2552.5
1021;40.0;150.0;948.0;2555.0
1022;40.0;150.0;948.67;2557.5
1023;40.0;150.0;949.33;2560.0
1024;40.0;150.0;950.0;2562.5
1025;40.0;150.0;950.67;2565.0
1026;40.0;150.0;951.33;2567.5
1027;40.0;150.0;952.0;2570.0
1028;40.0;150.0;952.67;2572.5
1029;40.0;150.0;953.33;2575.0
1030;40.0;150.0;954.0;2577.5
1031;40.0;150.0;954.67;2580.0
1032;40.0;150.0;955.33;2582.5
1033;40.0;150.0;956.0;2585.0
1034;40.0;150.0;956.67;2587.5
1035;40.0;150.0;957.33;2590.0
1036;40.0;150.0;958.0;2592.5
1037;40.0;150.0;958.67;2595.0
1038;40.0;150.0;959.33;2597.5
1039;40.0;150.0;960.0;2600.0
1040;40.0;150.0;960.67;2602.5
1041;40.0;150.0;961.33;2605.0
1042;40.0;150.0;962.0;2607.5
1043;40.0;150.0;962.67;2610.0
1044;40.0;150.0;963.33;2612.5
1045;40.0;150.0;964.0;2615.0
1046;40.0;150.0;964.67;2617.5
1047;40.0;150.0;965.33;2620.0
1048;40.0;150.0;966.0;2622.5
1049;40.0;150.0;966.67;2625.0
1050;40.0;150.0;967.33;2627.5
1051;40.0;150.0;968.0;2630.0
1052;40.0;150.0;968.67;2632.5
1053;40.0;150.0;969.33;2635.0
1054;40.0;150.0;970.0;2637.5
1055;40.0;150.0;970.67;2640.0
1056;40.0;150.0;971.33;2642.5
1057;40.0;150.0;972.0;2645.0
1058;40.0;150.0;972.67;2647.5
1059;40.0;150.0;973.33;2650.0
1060;40.0;150.0;974.0;2652.5
1061;40.0;150.0;974.67;2655.0
1062;40.0;150.0;975.33;2657.5
1063;40.0;150.0;976.0;2660.0
1064;40.0;150.0;976.67;2662.5
1065;40.0;150.0;977.33;2665.0
1066;40.0;150.0;978.0;2667.5
1067;40.0;150.0;978.67;2670.0
1068;40.0;150.0;979.33;2672.5
1069;40.0;150.0;980.0;2675.0
1070;40.0;150.0;980.67;2677.5
1071;40.0;150.0;981.33;2680.0
1072;40.0;150.0;982.0;2682.5
1073;40.0;150.0;982.67;2685.0
1074;40.0;150.0;983.33;2687.5
1075;40.0;150.0;984.0;2690.0
1076;40.0;150.0;984.67;2692.5
1077;40.0;150.0;985.33;2695.0
1078;40.0;150.0;986.0;2697.5
1079;40.0;150.0;986.67;2700.0
1080;40.0;150.0;987.33;2702.5
1081;40.0;150.0;988.0;2705.0
1082;40.0;150.0;988.67;2707.5
1083;40.0;150.0;989.33;2710.0
1084;40.0;150.0;990.0;2712.5
1085;40.0;150.0;990.67;2715.0
1086;40.0;150.0;991.33;2717.5
1087;40.0;150.0;992.0;2720.0
1088;40.0;150.0;992.67;2722.5
1089;40.0;150.0;993.33;2725.0
1090;40.0;150.0;994.0;2727.5
1091;40.0;150.0;994.67;2730.0
1092;40.0;150.0;995.33;2732.5
1093;40.0;150.0;996.0;2735.0
1094;40.0;150.0;996.67;2737.5
1095;40.0;150.0;997.33;2740.0
1096;40.0;150.0;998.0;2742.5
1097;40.0;150.0;998.67;2745.0
1098;40.0;150.0;999.33;2747.5
1099;40.0;150.0;1000.0;2750.0
1100;40.0;150.0;1000.67;2752.5
1101;40.0;150.0;1001.33;2755.0
1102;40.0;150.0;1002.0;2757.5
1103;40.0;150.0;1002.67;2760.0
1104;40.0;150.0;1003.33;2762.5
1105;40.0;150.0;1004.0;2765.0
1106;40.0;150.0;1004.67;2767.5
1107;40.0;150.0;1005.33;2770.0
1108;40.0;150.0;1006.0;2772.5
1109;40.0;150.0;1006.67;2775.0
1110;40.0;150.0;1007.33;2777.5
1111;40.0;150.0;1008.0;2780.0
1112;40.0;150.0;1008.67;2782.5
1113;40.0;150.0;1009.33;2785.0
1114;40.0;150.0;1010.0;2787.5
1115;40.0;150.0;1010.67;2790.0
1116;40.0;150.0;1011.33;2792.5
1117;40.0;150.0;1012.0;2795.0
1118;40.0;150.0;1012.67;2797.5
1119;40.0;150.0;1013.33;2800.0
1120;40.0;150.0;1014.0;2802.5
1121;40.0;150.0;1014.67;2805.0
1122;40.0;150.0;1015.33;2807.5
1123;40.0;150.0;1016.0;2810.0
1124;40.0;150.0;1016.67;2812.5
1125;40.0;150.0;1017.33;2815.0
1126;40.0;150.0;1018.0;2817.5
1127;40.0;150.0;1018.67;2820.0
1128;40.0;150.0;1019.33;2822.5
1129;40.0;150.0;1020.0;2825.0
1130;40.0;150.0;1020.67;2827.5
1131;40.0;150.0;1021.33;2830.0
1132;40.0;150.0;1022.0;2832.5
1133;40.0;150.0;1022.67;2835.0
1134;40.0;150.0;1023.33;2837.5
1135;40.0;150.0;1024.0;2840.0
1136;40.0;150.0;1024.67;2842.5
1137;40.0;150.0;1025.33;2845.0
1138;40.0;150.0;1026.0;2847.5
1139;40.0;150.0;1026.67;2850.0
1140;40.0;150.0;1027.33;2852.5
1141;40.0;150.0;1028.0;2855.0
1142;40.0;150.0;1028.67;2857.5
1143;40.0;150.0;1029.33;2860.0
1144;40.0;150.0;1030.0;2862.5
1145;40.0;150.0;1030.67;2865.0
1146;40.0;150.0;1031.33;2867.5
1147;40.0;150.0;1032.0;2870.0
1148;40.0;150.0;1032.67;2872.5
1149;40.0;150.0;1033.33;2875.0
1150;40.0;150.0;1034.0;2877.5
1151;40.0;150.0;1034.67;2880.0
1152;40.0;150.0;1035.33;2882.5
1153;40.0;150.0;1036.0;2885.0
1154;40.0;150.0;1036.67;2887.5
1155;40.0;150.0;1037.33;2890.0
1156;40.0;150.0;1038.0;2892.5
1157;40.0;150.0;1038.67;2895.0
1158;40.0;150.0;1039.33;2897.5
1159;40.0;150.0;1040.0;2900.0
1160;40.0;150.0;1040.67;2902.5
1161;40.0;150.0;1041.33;2905.0
1162;40.0;150.0;1042.0;2907.5
1163;40.0;150.0;1042.67;2910.0
1164;40.0;150.0;1043.33;2912.5
1165;40.0;150.0;1044.0;2915.0
1166;40.0;150.0;1044.67;2917.5
1167;40.0;150.0;1045.33;2920.0
1168;40.0;150.0;1046.0;2922.5
1169;40.0;150.0;1046.67;2925.0
1170;40.0;150.0;1047.33;2927.5
1171;40.0;150.0;1048.0;2930.0
1172;40.0;150.0;1048.67;2932.5
1173;40.0;150.0;1049.33;2935.0
1174;40.0;150.0;1050.0;2937.5
1175;40.0;150.0;1050.67;2940.0
1176;40.0;150.0;1051.33;2942.5
1177;40.0;150.0;1052.0;2945.0
1178;40.0;150.0;1052.67;2947.5
1179;40.0;150.0;1053.33;2950.0
1180;40.0;150.0;1054.0;2952.5
1181;40.0;150.0;1054.67;2955.0
1182;40.0;150.0;1055.33;2957.5
1183;40.0;150.0;1056.0;2960.0
1184;40.0;150.0;1056.67;2962.5
1185;40.0;150.0;1057.33;2965.0
1186;40.0;150.0;1058.0;2967.5
1187;40.0;150.0;1058.67;2970.0
1188;40.0;150.0;1059.33;2972.5
1189;40.0;150.0;1060.0;2975.0
1190;40.0;150.0;1060.67;2977.5
1191;40.0;150.0;1061.33;2980.0
1192;40.0;150.0;1062.0;2982.5
1193;40.0;150.0;1062.67;2985.0
1194;40.0;150.0;1063.33;2987.5
1195;40.0;150.0;1064.0;2990.0
1196;40.0;150.0;1064.67;2992.5
1197;40.0;150.0;1065.33;2995.0
1198;40.0;150.0;1066.0;2997.5
1199;40.0;150.0;1066.67;3000.0
1200;100.0;150.0;1068.33;3002.5
1201;100.0;150.0;1070.0;3005.0
1202;100.0;150.0;1071.67;3007.5
1203;100.0;150.0;1073.33;3010.0
1204;100.0;150.0;1075.0;3012.5
1205;100.0;150.0;1076.67;3015.0
1206;100.0;150.0;1078.33;3017.5
1207;100.0;150.0;1080.0;3020.0
1208;100.0;150.0;1081.67;3022.5
1209;100.0;150.0;1083.33;3025.0
1210;100.0;150.0;1085.0;3027.5
1211;100.0;150.0;1086.67;3030.0
1212;100.0;150.0;1088.33;3032.5
1213;100.0;150.0;1090.0;3035.0
1214;100.0;150.0;1091.67;3037.5
1215;100.0;150.0;1093.33;3040.0
1216;100.0;150.0;1095.0;3042.5
1217;100.0;150.0;1096.67;3045.0
1218;100.0;150.0;1098.33;3047.5
1219;100.0;150.0;1100.0;3050.0
1220;100.0;150.0;1101.67;3052.5
1221;100.0;150.0;1103.33;3055.0
1222;100.0;150.0;1105.0;3057.5
1223;100.0;150.0;1106.67;3060.0
1224;100.0;150.0;1108.33;3062.5
1225;100.0;150.0;1110.0;3065.0
1226;100.0;150.0;1111.67;3067.5
1227;100.0;150.0;1113.33;3070.0
1228;100.0;150.0;1115.0;3072.5
1229;100.0;150.0;1116.67;3075.0
1230;100.0;150.0;1118.33;3077.5
1231;100.0;150.0;1120.0;3080.0
1232;100.0;150.0;1121.67;3082.5
1233;100.0;150.0;1123.33;3085.0
1234;100.0;150.0;1125.0;3087.5
1235;100.0;150.0;1126.67;3090.0
1236;100.0;150.0;1128.33;3092.5
1237;100.0;150.0;1130.0;3095.0
1238;100.0;150.0;1131.67;3097.5
1239;100.0;150.0;1133.33;3100.0
1240;140.0;150.0;1135.67;3102.5
1241;140.0;150.0;1138.0;3105.0
1242;140.0;150.0;1140.33;3107.5
1243;140.0;150.0;1142.67;3110.0
1244;140.0;150.0;1145.0;3112.5
1245;140.0;150.0;1147.33;3115.0
1246;140.0;150.0;1149.67;3117.5
1247;140.0;150.0;1152.0;3120.0
1248;140.0;150.0;1154.33;3122.5
1249;140.0;150.0;1156.67;3125.0
1250;140.0;150.0;1159.0;3127.5
1251;140.0;150.0;1161.33;3130.0
1252;140.0;150.0;1163.67;3132.5
1253;140.0;150.0;1166.0;3135.0
1254;140.0;150.0;1168.33;3137.5
1255;140.0;150.0;1170.67;3140.0
1256;140.0;150.0;1173.0;3142.5
1257;140.0;150.0;1175.33;3145.0
1258;140.0;150.0;1177.67;3147.5
1259;140.0;150.0;1180.0;3150.0
1260;100.0;150.0;1181.67;3152.5
1261;100.0;150.0;1183.33;3155.0
1262;100.0;150.0;1185.0;3157.5
1263;100.0;150.0;1186.67;3160.0
1264;100.0;150.0;1188.33;3162.5
1265;100.0;150.0;1190.0;3165.0
1266;100.0;150.0;1191.67;3167.5
1267;100.0;150.0;1193.33;3170.0
1268;100.0;150.0;1195.0;3172.5
1269;100.0;150.0;1196.67;3175.0
1270;100.0;150.0;1198.33;3177.5
1271;100.0;150.0;1200.0;3180.0
1272;100.0;150.0;1201.67;3182.5
1273;100.0;150.0;1203.33;3185.0
1274;100.0;150.0;1205.0;3187.5
1275;100.0;150.0;1206.67;3190.0
1276;100.0;150.0;1208.33;3192.5
1277;100.0;150.0;1210.0;3195.0
1278;100.0;150.0;1211.67;3197.5
1279;100.0;150.0;1213.33;3200.0
1280;100.0;150.0;1215.0;3202.5
1281;100.0;150.0;1216.67;3205.0
1282;100.0;150.0;1218.33;3207.5
1283;100.0;150.0;1220.0;3210.0
1284;100.0;150.0;1221.67;3212.5
1285;100.0;150.0;1223.33;3215.0
1286;100.0;150.0;1225.0;3217.5
1287;100.0;150.0;1226.67;3220.0
1288;100.0;150.0;1228.33;3222.5
1289;100.0;150.0;1230.0;3225.0
1290;100.0;150.0;1231.67;3227.5
1291;100.0;150.0;1233.33;3230.0
1292;100.0;150.0;1235.0;3232.5
1293;100.0;150.0;1236.67;3235.0
1294;100.0;150.0;1238.33;3237.5
1295;100.0;150.0;1240.0;3240.0
1296;100.0;150.0;1241.67;3242.5
1297;100.0;150.0;1243.33;3245.0
1298;100.0;150.0;1245.0;3247.5
1299;100.0;150.0;1246.67;3250.0
1300;100.0;150.0;1248.33;3252.5
1301;100.0;150.0;1250.0;3255.0
1302;100.0;150.0;1251.67;3257.5
1303;100.0;150.0;1253.33;3260.0
1304;100.0;150.0;1255.0;3262.5
1305;100.0;150.0;1256.67;3265.0
1306;100.0;150.0;1258.33;3267.5
1307;100.0;150.0;1260.0;3270.0
1308;100.0;150.0;1261.67;3272.5
1309;100.0;150.0;1263.33;3275.0
1310;100.0;150.0;1265.0;3277.5
1311;100.0;150.0;1266.67;3280.0
1312;100.0;150.0;1268.33;3282.5
1313;100.0;150.0;1270.0;3285.0
1314;100.0;150.0;1271.67;3287.5
1315;100.0;150.0;1273.33;3290.0
1316;100.0;150.0;1275.0;3292.5
1317;100.0;150.0;1276.67;3295.0
1318;100.0;150.0;1278.33;3297.5
1319;100.0;150.0;1280.0;3300.0
1320;100.0;150.0;1281.67;3302.5
1321;100.0;150.0;1283.33;3305.0
1322;100.0;150.0;1285.0;3307.5
1323;100.0;150.0;1286.67;3310.0
1324;100.0;150.0;1288.33;3312.5
1325;100.0;150.0;1290.0;3315.0
1326;100.0;150.0;1291.67;3317.5
1327;100.0;150.0;1293.33;3320.0
1328;100.0;150.0;1295.0;3322.5
1329;100.0;150.0;1296.67;3325.0
1330;100.0;150.0;1298.33;3327.5
1331;100.0;150.0;1300.0;3330.0
1332;100.0;150.0;1301.67;3332.5
1333;100.0;150.0;1303.33;3335.0
1334;100.0;150.0;1305.0;3337.5
1335;100.0;150.0;1306.67;3340.0
1336;100.0;150.0;1308.33;3342.5
1337;100.0;150.0;1310.0;3345.0
1338;100.0;150.0;1311.67;3347.5
1339;100.0;150.0;1313.33;3350.0
1340;100.0;150.0;1315.0;3352.5
1341;100.0;150.0;1316.67;3355.0
1342;100.0;150.0;1318.33;3357.5
1343;100.0;150.0;1320.0;3360.0
1344;100.0;150.0;1321.67;3362.5
1345;100.0;150.0;1323.33;3365.0
1346;100.0;150.0;1325.0;3367.5
1347;100.0;150.0;1326.67;3370.0
1348;100.0;150.0;1328.33;3372.5
1349;100.0;150.0;1330.0;3375.0
1350;100.0;150.0;1331.67;3377.5
1351;100.0;150.0;1333.33;3380.0
1352;100.0;150.0;1335.0;3382.5
1353;100.0;150.0;1336.67;3385.0
1354;100.0;150.0;1338.33;3387.5
1355;100.0;150.0;1340.0;3390.0
1356;100.0;150.0;1341.67;3392.5
1357;100.0;150.0;1343.33;3395.0
1358;100.0;150.0;1345.0;3397.5
1359;100.0;150.0;1346.67;3400.0
1360;100.0;150.0;1348.33;3402.5
1361;100.0;150.0;1350.0;3405.0
1362;100.0;150.0;1351.67;3407.5
1363;100.0;150.0;1353.33;3410.0
1364;100.0;150.0;1355.0;3412.5
1365;100.0;150.0;1356.67;3415.0
1366;100.0;150.0;1358.33;3417.5
1367;100.0;150.0;1360.0;3420.0
1368;100.0;150.0;1361.67;3422.5
1369;100.0;150.0;1363.33;3425.0
1370;100.0;150.0;1365.0;3427.5
1371;100.0;150.0;1366.67;3430.0
1372;100.0;150.0;1368.33;3432.5
1373;100.0;150.0;1370.0;3435.0
1374;100.0;150.0;1371.67;3437.5
1375;100.0;150.0;1373.33;3440.0
1376;100.0;150.0;1375.0;3442.5
1377;100.0;150.0;1376.67;3445.0
1378;100.0;150.0;1378.33;3447.5
1379;100.0;150.0;1380.0;3450.0
1380;100.0;150.0;1381.67;3452.5
1381;100.0;150.0;1383.33;3455.0
1382;100.0;150.0;1385.0;3457.5
1383;100.0;150.0;1386.67;3460.0
1384;100.0;150.0;1388.33;3462.5
1385;100.0;150.0;1390.0;3465.0
1386;100.0;150.0;1391.67;3467.5
1387;100.0;150.0;1393.33;3470.0
1388;100.0;150.0;1395.0;3472.5
1389;100.0;150.0;1396.67;3475.0
1390;100.0;150.0;1398.33;3477.5
1391;100.0;150.0;1400.0;3480.0
1392;100.0;150.0;1401.67;3482.5
1393;100.0;150.0;1403.33;3485.0
1394;100.0;150.0;1405.0;3487.5
1395;100.0;150.0;1406.67;3490.0
1396;100.0;150.0;1408.33;3492.5
1397;100.0;150.0;1410.0;3495.0
1398;100.0;150.0;1411.67;3497.5
1399;100.0;150.0;1413.33;3500.0
1400;100.0;150.0;1415.0;3502.5
1401;100.0;150.0;1416.67;3505.0
1402;100.0;150.0;1418.33;3507.5
1403;100.0;150.0;1420.0;3510.0
1404;100.0;150.0;1421.67;3512.5
1405;100.0;150.0;1423.33;3515.0
1406;100.0;150.0;1425.0;3517.5
1407;100.0;150.0;1426.67;3520.0
1408;100.0;150.0;1428.33;3522.5
1409;100.0;150.0;1430.0;3525.0
1410;100.0;150.0;1431.67;3527.5
1411;100.0;150.0;1433.33;3530.0
1412;100.0;150.0;1435.0;3532.5
1413;100.0;150.0;1436.67;3535.0
1414;100.0;150.0;1438.33;3537.5
1415;100.0;150.0;1440.0;3540.0
1416;100.0;150.0;1441.67;3542.5
1417;100.0;150.0;1443.33;3545.0
1418;100.0;150.0;1445.0;3547.5
1419;100.0;150.0;1446.67;3550.0
1420;100.0;150.0;1448.33;3552.5
1421;100.0;150.0;1450.0;3555.0
1422;100.0;150.0;1451.67;3557.5
1423;100.0;150.0;1453.33;3560.0
1424;100.0;150.0;1455.0;3562.5
1425;100.0;150.0;1456.67;3565.0
1426;100.0;150.0;1458.33;3567.5
1427;100.0;150.0;1460.0;3570.0
1428;100.0;150.0;1461.67;3572.5
1429;100.0;150.0;1463.33;3575.0
1430;100.0;150.0;1465.0;3577.5
1431;100.0;150.0;1466.67;3580.0
1432;100.0;150.0;1468.33;3582.5
1433;100.0;150.0;1470.0;3585.0
1434;100.0;150.0;1471.67;3587.5
1435;100.0;150.0;1473.33;3590.0
1436;100.0;150.0;1475.0;3592.5
1437;100.0;150.0;1476.67;3595.0
1438;100.0;150.0;1478.33;3597.5
1439;100.0;150.0;1480.0;3600.0
