0;600.0;900.0;10.0;15.0
1;600.0;900.0;20.0;30.0
2;600.0;900.0;30.0;45.0
3;600.0;900.0;40.0;60.0
4;600.0;900.0;50.0;75.0
5;600.0;900.0;60.0;90.0
6;600.0;900.0;70.0;105.0
7;600.0;900.0;80.0;120.0
8;600.0;900.0;90.0;135.0
9;600.0;900.0;100.0;150.0
10;600.0;900.0;110.0;165.0
11;600.0;900.0;120.0;180.0
12;600.0;900.0;130.0;195.0
13;600.0;900.0;140.0;210.0
14;600.0;900.0;150.0;225.0
15;600.0;900.0;160.0;240.0
16;600.0;900.0;170.0;255.0
17;600.0;900.0;180.0;270.0
18;600.0;900.0;190.0;285.0
19;600.0;900.0;200.0;300.0
20;600.0;900.0;210.0;315.0
21;600.0;900.0;220.0;330.0
22;600.0;900.0;230.0;345.0
23;600.0;900.0;240.0;360.0
24;600.0;900.0;250.0;375.0
25;600.0;900.0;260.0;390.0
26;600.0;900.0;270.0;405.0
27;600.0;900.0;280.0;420.0
28;600.0;900.0;290.0;435.0
29;600.0;900.0;300.0;450.0
30;600.0;900.0;310.0;465.0
31;600.0;900.0;320.0;480.0
32;600.0;900.0;330.0;495.0
33;600.0;900.0;340.0;510.0
34;600.0;900.0;350.0;525.0
35;600.0;900.0;360.0;540.0
36;600.0;900.0;370.0;555.0
37;600.0;900.0;380.0;570.0
38;600.0;900.0;390.0;585.0
39;600.0;900.0;400.0;600.0
40;600.0;900.0;410.0;615.0
41;600.0;900.0;420.0;630.0
42;600.0;900.0;430.0;645.0
43;600.0;900.0;440.0;660.0
44;600.0;900.0;450.0;675.0
45;600.0;900.0;460.0;690.0
46;600.0;900.0;470.0;705.0
47;600.0;900.0;480.0;720.0
48;600.0;900.0;490.0;735.0
49;600.0;900.0;500.0;750.0
50;600.0;900.0;510.0;765.0
51;600.0;900.0;520.0;780.0
52;600.0;900.0;530.0;795.0
53;600.0;900.0;540.0;810.0
54;600.0;900.0;550.0;825.0
55;600.0;900.0;560.0;840.0
56;600.0;900.0;570.0;855.0
57;600.0;900.0;580.0;870.0
58;600.0;900.0;590.0;885.0
59;600.0;900.0;600.0;900.0
60;600.0;900.0;610.0;915.0
61;600.0;900.0;620.0;930.0
62;600.0;900.0;630.0;945.0
63;600.0;900.0;640.0;960.0
64;600.0;900.0;650.0;975.0
65;600.0;900.0;660.0;990.0
66;600.0;900.0;670.0;1005.0
67;600.0;900.0;680.0;1020.0
68;600.0;900.0;690.0;1035.0
69;600.0;900.0;700.0;1050.0
70;600.0;900.0;710.0;1065.0
71;600.0;900.0;720.0;1080.0
72;600.0;900.0;730.0;1095.0
73;600.0;900.0;740.0;1110.0
74;600.0;900.0;750.0;1125.0
75;600.0;900.0;760.0;1140.0
76;600.0;900.0;770.0;1155.0
77;600.0;900.0;780.0;1170.0
78;600.0;900.0;790.0;1185.0
79;600.0;900.0;800.0;1200.0
80;600.0;900.0;810.0;1215.0
81;600.0;900.0;820.0;1230.0
82;600.0;900.0;830.0;1245.0
83;600.0;900.0;840.0;1260.0
84;600.0;900.0;850.0;1275.0
85;600.0;900.0;860.0;1290.0
86;600.0;900.0;870.0;1305.0
87;600.0;900.0;880.0;1320.0
88;600.0;900.0;890.0;1335.0
89;600.0;900.0;900.0;1350.0
90;600.0;900.0;910.0;1365.0
91;600.0;900.0;920.0;1380.0
92;600.0;900.0;930.0;1395.0
93;600.0;900.0;940.0;1410.0
94;600.0;900.0;950.0;1425.0
95;600.0;900.0;960.0;1440.0
96;600.0;900.0;970.0;1455.0
97;600.0;900.0;980.0;1470.0
98;600.0;900.0;990.0;1485.0
99;600.0;900.0;1000.0;1500.0
100;600.0;900.0;1010.0;1515.0
101;600.0;900.0;1020.0;1530.0
102;600.0;900.0;1030.0;1545.0
103;600.0;900.0;1040.0;1560.0
104;600.0;900.0;1050.0;1575.0
105;600.0;900.0;1060.0;1590.0
106;600.0;900.0;1070.0;1605.0
107;600.0;900.0;1080.0;1620.0
108;600.0;900.0;1090.0;1635.0
109;600.0;900.0;1100.0;1650.0
110;600.0;900.0;1110.0;1665.0
111;600.0;900.0;1120.0;1680.0
112;600.0;900.0;1130.0;1695.0
113;600.0;900.0;1140.0;1710.0
114;600.0;900.0;1150.0;1725.0
115;600.0;900.0;1160.0;1740.0
116;600.0;900.0;1170.0;1755.0
117;600.0;900.0;1180.0;1770.0
118;600.0;900.0;1190.0;1785.0
119;600.0;900.0;1200.0;1800.0
120;600.0;900.0;1210.0;1815.0
121;600.0;900.0;1220.0;1830.0
122;600.0;900.0;1230.0;1845.0
123;600.0;900.0;1240.0;1860.0
124;600.0;900.0;1250.0;1875.0
125;600.0;900.0;1260.0;1890.0
126;600.0;900.0;1270.0;1905.0
127;600.0;900.0;1280.0;1920.0
128;600.0;900.0;1290.0;1935.0
129;600.0;900.0;1300.0;1950.0
130;600.0;900.0;1310.0;1965.0
131;600.0;900.0;1320.0;1980.0
132;600.0;900.0;1330.0;1995.0
133;600.0;900.0;1340.0;2010.0
134;600.0;900.0;1350.0;2025.0
135;600.0;900.0;1360.0;2040.0
136;600.0;900.0;1370.0;2055.0
137;600.0;900.0;1380.0;2070.0
138;600.0;900.0;1390.0;2085.0
139;600.0;900.0;1400.0;2100.0
140;600.0;900.0;1410.0;2115.0
141;600.0;900.0;1420.0;2130.0
142;600.0;900.0;1430.0;2145.0
143;600.0;900.0;1440.0;2160.0
144;600.0;900.0;1450.0;2175.0
145;600.0;900.0;1460.0;2190.0
146;600.0;900.0;1470.0;2205.0
147;600.0;900.0;1480.0;2220.0
148;600.0;900.0;1490.0;2235.0
149;600.0;900.0;1500.0;2250.0
150;600.0;900.0;1510.0;2265.0
151;600.0;900.0;1520.0;2280.0
152;600.0;900.0;1530.0;2295.0
153;600.0;900.0;1540.0;2310.0
154;600.0;900.0;1550.0;2325.0
155;600.0;900.0;1560.0;2340.0
156;600.0;900.0;1570.0;2355.0
157;600.0;900.0;1580.0;2370.0
158;600.0;900.0;1590.0;2385.0
159;600.0;900.0;1600.0;2400.0
160;600.0;900.0;1610.0;2415.0
161;600.0;900.0;1620.0;2430.0
162;600.0;900.0;1630.0;2445.0
163;600.0;900.0;1640.0;2460.0
164;600.0;900.0;1650.0;2475.0
165;600.0;900.0;1660.0;2490.0
166;600.0;900.0;1670.0;2505.0
167;600.0;900.0;1680.0;2520.0
168;600.0;900.0;1690.0;2535.0
169;600.0;900.0;1700.0;2550.0
170;600.0;900.0;1710.0;2565.0
171;600.0;900.0;1720.0;2580.0
172;600.0;900.0;1730.0;2595.0
173;600.0;900.0;1740.0;2610.0
174;600.0;900.0;1750.0;2625.0
175;600.0;900.0;1760.0;2640.0
176;600.0;900.0;1770.0;2655.0
177;600.0;900.0;1780.0;2670.0
178;600.0;900.0;1790.0;2685.0
179;600.0;900.0;1800.0;2700.0
180;600.0;900.0;1810.0;2715.0
181;600.0;900.0;1820.0;2730.0
182;600.0;900.0;1830.0;2745.0
183;600.0;900.0;1840.0;2760.0
184;600.0;900.0;1850.0;2775.0
185;600.0;900.0;1860.0;2790.0
186;600.0;900.0;1870.0;2805.0
187;600.0;900.0;1880.0;2820.0
188;600.0;900.0;1890.0;2835.0
189;600.0;900.0;1900.0;2850.0
190;600.0;900.0;1910.0;2865.0
191;600.0;900.0;1920.0;2880.0
192;600.0;900.0;1930.0;2895.0
193;600.0;900.0;1940.0;2910.0
194;600.0;900.0;1950.0;2925.0
195;600.0;900.0;1960.0;2940.0
196;600.0;900.0;1970.0;2955.0
197;600.0;900.0;1980.0;2970.0
198;600.0;900.0;1990.0;2985.0
199;600.0;900.0;2000.0;3000.0
200;600.0;900.0;2010.0;3015.0
201;600.0;900.0;2020.0;3030.0
202;600.0;900.0;2030.0;3045.0
203;600.0;900.0;2040.0;3060.0
204;600.0;900.0;2050.0;3075.0
205;600.0;900.0;2060.0;3090.0
206;600.0;900.0;2070.0;3105.0
207;600.0;900.0;2080.0;3120.0
208;600.0;900.0;2090.0;3135.0
209;600.0;900.0;2100.0;3150.0
210;600.0;900.0;2110.0;3165.0
211;600.0;900.0;2120.0;3180.0
212;600.0;900.0;2130.0;3195.0
213;600.0;900.0;2140.0;3210.0
214;600.0;900.0;2150.0;3225.0
215;600.0;900.0;2160.0;3240.0
216;600.0;900.0;2170.0;3255.0
217;600.0;900.0;2180.0;3270.0
218;600.0;900.0;2190.0;3285.0
219;600.0;900.0;2200.0;3300.0
220;600.0;900.0;2210.0;3315.0
221;600.0;900.0;2220.0;3330.0
222;600.0;900.0;2230.0;3345.0
223;600.0;900.0;2240.0;3360.0
224;600.0;900.0;2250.0;3375.0
225;600.0;900.0;2260.0;3390.0
226;600.0;900.0;2270.0;3405.0
227;600.0;900.0;2280.0;3420.0
228;600.0;900.0;2290.0;3435.0
229;600.0;900.0;2300.0;3450.0
230;600.0;900.0;2310.0;3465.0
231;600.0;900.0;2320.0;3480.0
232;600.0;900.0;2330.0;3495.0
233;600.0;900.0;2340.0;3510.0
234;600.0;900.0;2350.0;3525.0
235;600.0;900.0;2360.0;3540.0
236;600.0;900.0;2370.0;3555.0
237;600.0;900.0;2380.0;3570.0
238;600.0;900.0;2390.0;3585.0
239;600.0;900.0;2400.0;3600.0
240;600.0;900.0;2410.0;3615.0
241;600.0;900.0;2420.0;3630.0
242;600.0;900.0;2430.0;3645.0
243;600.0;900.0;2440.0;3660.0
244;600.0;900.0;2450.0;3675.0
245;600.0;900.0;2460.0;3690.0
246;600.0;900.0;2470.0;3705.0
247;600.0;900.0;2480.0;3720.0
248;600.0;900.0;2490.0;3735.0
249;600.0;900.0;2500.0;3750.0
250;600.0;900.0;2510.0;3765.0
251;600.0;900.0;2520.0;3780.0
252;600.0;900.0;2530.0;3795.0
253;600.0;900.0;2540.0;3810.0
254;600.0;900.0;2550.0;3825.0
255;600.0;900.0;2560.0;3840.0
256;600.0;900.0;2570.0;3855.0
257;600.0;900.0;2580.0;3870.0
258;600.0;900.0;2590.0;3885.0
259;600.0;900.0;2600.0;3900.0
260;600.0;900.0;2610.0;3915.0
261;600.0;900.0;2620.0;3930.0
262;600.0;900.0;2630.0;3945.0
263;600.0;900.0;2640.0;3960.0
264;600.0;900.0;2650.0;3975.0
265;600.0;900.0;2660.0;3990.0
266;600.0;900.0;2670.0;4005.0
267;600.0;900.0;2680.0;4020.0
268;600.0;900.0;2690.0;4035.0
269;600.0;900.0;2700.0;4050.0
270;600.0;900.0;2710.0;4065.0
271;600.0;900.0;2720.0;4080.0
272;600.0;900.0;2730.0;4095.0
273;600.0;900.0;2740.0;4110.0
274;600.0;900.0;2750.0;4125.0
275;600.0;900.0;2760.0;4140.0
276;600.0;900.0;2770.0;4155.0
277;600.0;900.0;2780.0;4170.0
278;600.0;900.0;2790.0;4185.0
279;600.0;900.0;2800.0;4200.0
280;600.0;900.0;2810.0;4215.0
281;600.0;900.0;2820.0;4230.0
282;600.0;900.0;2830.0;4245.0
283;600.0;900.0;2840.0;4260.0
284;600.0;900.0;2850.0;4275.0
285;600.0;900.0;2860.0;4290.0
286;600.0;900.0;2870.0;4305.0
287;600.0;900.0;2880.0;4320.0
288;600.0;900.0;2890.0;4335.0
289;600.0;900.0;2900.0;4350.0
290;600.0;900.0;2910.0;4365.0
291;600.0;900.0;2920.0;4380.0
292;600.0;900.0;2930.0;4395.0
293;600.0;900.0;2940.0;4410.0
294;600.0;900.0;2950.0;4425.0
295;600.0;900.0;2960.0;4440.0
296;600.0;900.0;2970.0;4455.0
297;600.0;900.0;2980.0;4470.0
298;600.0;900.0;2990.0;4485.0
299;600.0;900.0;3000.0;4500.0
300;600.0;900.0;3010.0;4515.0
301;600.0;900.0;3020.0;4530.0
302;600.0;900.0;3030.0;4545.0
303;600.0;900.0;3040.0;4560.0
304;600.0;900.0;3050.0;4575.0
305;600.0;900.0;3060.0;4590.0
306;600.0;900.0;3070.0;4605.0
307;600.0;900.0;3080.0;4620.0
308;600.0;900.0;3090.0;4635.0
309;600.0;900.0;3100.0;4650.0
310;600.0;900.0;3110.0;4665.0
311;600.0;900.0;3120.0;4680.0
312;600.0;900.0;3130.0;4695.0
313;600.0;900.0;3140.0;4710.0
314;600.0;900.0;3150.0;4725.0
315;600.0;900.0;3160.0;4740.0
316;600.0;900.0;3170.0;4755.0
317;600.0;900.0;3180.0;4770.0
318;600.0;900.0;3190.0;4785.0
319;600.0;900.0;3200.0;4800.0
320;600.0;900.0;3210.0;4815.0
321;600.0;900.0;3220.0;4830.0
322;600.0;900.0;3230.0;4845.0
323;600.0;900.0;3240.0;4860.0
324;600.0;900.0;3250.0;4875.0
325;600.0;900.0;3260.0;4890.0
326;600.0;900.0;3270.0;4905.0
327;600.0;900.0;3280.0;4920.0
328;600.0;900.0;3290.0;4935.0
329;600.0;900.0;3300.0;4950.0
330;600.0;900.0;3310.0;4965.0
331;600.0;900.0;3320.0;4980.0
332;600.0;900.0;3330.0;4995.0
333;600.0;900.0;3340.0;5010.0
334;600.0;900.0;3350.0;5025.0
335;600.0;900.0;3360.0;5040.0
336;600.0;900.0;3370.0;5055.0
337;600.0;900.0;3380.0;5070.0
338;600.0;900.0;3390.0;5085.0
339;600.0;900.0;3400.0;5100.0
340;600.0;900.0;3410.0;5115.0
341;600.0;900.0;3420.0;5130.0
342;600.0;900.0;3430.0;5145.0
343;600.0;900.0;3440.0;5160.0
344;600.0;900.0;3450.0;5175.0
345;600.0;900.0;3460.0;5190.0
346;600.0;900.0;3470.0;5205.0
347;600.0;900.0;3480.0;5220.0
348;600.0;900.0;3490.0;5235.0
349;600.0;900.0;3500.0;5250.0
350;600.0;900.0;3510.0;5265.0
351;600.0;900.0;3520.0;5280.0
352;600.0;900.0;3530.0;5295.0
353;600.0;900.0;3540.0;5310.0
354;600.0;900.0;3550.0;5325.0
355;600.0;900.0;3560.0;5340.0
356;600.0;900.0;3570.0;5355.0
357;600.0;900.0;3580.0;5370.0
358;600.0;900.0;3590.0;5385.0
359;600.0;900.0;3600.0;5400.0
360;600.0;900.0;3610.0;5415.0
361;600.0;900.0;3620.0;5430.0
362;600.0;900.0;3630.0;5445.0
363;600.0;900.0;3640.0;5460.0
364;600.0;900.0;3650.0;5475.0
365;600.0;900.0;3660.0;5490.0
366;600.0;900.0;3670.0;5505.0
367;600.0;900.0;3680.0;5520.0
368;600.0;900.0;3690.0;5535.0
369;600.0;900.0;3700.0;5550.0
370;600.0;900.0;3710.0;5565.0
371;600.0;900.0;3720.0;5580.0
372;600.0;900.0;3730.0;5595.0
373;600.0;900.0;3740.0;5610.0
374;600.0;900.0;3750.0;5625.0
375;600.0;900.0;3760.0;5640.0
376;600.0;900.0;3770.0;5655.0
377;600.0;900.0;3780.0;5670.0
378;600.0;900.0;3790.0;5685.0
379;600.0;900.0;3800.0;5700.0
380;600.0;900.0;3810.0;5715.0
381;600.0;900.0;3820.0;5730.0
382;600.0;900.0;3830.0;5745.0
383;600.0;900.0;3840.0;5760.0
384;600.0;900.0;3850.0;5775.0
385;600.0;900.0;3860.0;5790.0
386;600.0;900.0;3870.0;5805.0
387;600.0;900.0;3880.0;5820.0
388;600.0;900.0;3890.0;5835.0
389;600.0;900.0;3900.0;5850.0
390;600.0;900.0;3910.0;5865.0
391;600.0;900.0;3920.0;5880.0
392;600.0;900.0;3930.0;5895.0
393;600.0;900.0;3940.0;5910.0
394;600.0;900.0;3950.0;5925.0
395;600.0;900.0;3960.0;5940.0
396;600.0;900.0;3970.0;5955.0
397;600.0;900.0;3980.0;5970.0
398;600.0;900.0;3990.0;5985.0
399;600.0;900.0;4000.0;6000.0
400;600.0;900.0;4010.0;6015.0
401;600.0;900.0;4020.0;6030.0
402;600.0;900.0;4030.0;6045.0
403;600.0;900.0;4040.0;6060.0
404;600.0;900.0;4050.0;6075.0
405;600.0;900.0;4060.0;6090.0
406;600.0;900.0;4070.0;6105.0
407;600.0;900.0;4080.0;6120.0
408;600.0;900.0;4090.0;6135.0
409;600.0;900.0;4100.0;6150.0
410;600.0;900.0;4110.0;6165.0
411;600.0;900.0;4120.0;6180.0
412;600.0;900.0;4130.0;6195.0
413;600.0;900.0;4140.0;6210.0
414;600.0;900.0;4150.0;6225.0
415;600.0;900.0;4160.0;6240.0
416;600.0;900.0;4170.0;6255.0
417;600.0;900.0;4180.0;6270.0
418;600.0;900.0;4190.0;6285.0
419;600.0;900.0;4200.0;6300.0
420;600.0;900.0;4210.0;6315.0
421;600.0;900.0;4220.0;6330.0
422;600.0;900.0;4230.0;6345.0
423;600.0;900.0;4240.0;6360.0
424;600.0;900.0;4250.0;6375.0
425;600.0;900.0;4260.0;6390.0
426;600.0;900.0;4270.0;6405.0
427;600.0;900.0;4280.0;6420.0
428;600.0;900.0;4290.0;6435.0
429;600.0;900.0;4300.0;6450.0
430;600.0;900.0;4310.0;6465.0
431;600.0;900.0;4320.0;6480.0
432;600.0;900.0;4330.0;6495.0
433;600.0;900.0;4340.0;6510.0
434;600.0;900.0;4350.0;6525.0
435;600.0;900.0;4360.0;6540.0
436;600.0;900.0;4370.0;6555.0
437;600.0;900.0;4380.0;6570.0
438;600.0;900.0;4390.0;6585.0
439;600.0;900.0;4400.0;6600.0
440;600.0;900.0;4410.0;6615.0
441;600.0;900.0;4420.0;6630.0
442;600.0;900.0;4430.0;6645.0
443;600.0;900.0;4440.0;6660.0
444;600.0;900.0;4450.0;6675.0
445;600.0;900.0;4460.0;6690.0
446;600.0;900.0;4470.0;6705.0
447;600.0;900.0;4480.0;6720.0
448;600.0;900.0;4490.0;6735.0
449;600.0;900.0;4500.0;6750.0
450;600.0;900.0;4510.0;6765.0
451;600.0;900.0;4520.0;6780.0
452;600.0;900.0;4530.0;6795.0
453;600.0;900.0;4540.0;6810.0
454;600.0;900.0;4550.0;6825.0
455;600.0;900.0;4560.0;6840.0
456;600.0;900.0;4570.0;6855.0
457;600.0;900.0;4580.0;6870.0
458;600.0;900.0;4590.0;6885.0
459;600.0;900.0;4600.0;6900.0
460;600.0;900.0;4610.0;6915.0
461;600.0;900.0;4620.0;6930.0
462;600.0;900.0;4630.0;6945.0
463;600.0;900.0;4640.0;6960.0
464;600.0;900.0;4650.0;6975.0
465;600.0;900.0;4660.0;6990.0
466;600.0;900.0;4670.0;7005.0
467;600.0;900.0;4680.0;7020.0
468;600.0;900.0;4690.0;7035.0
469;600.0;900.0;4700.0;7050.0
470;600.0;900.0;4710.0;7065.0
471;600.0;900.0;4720.0;7080.0
472;600.0;900.0;4730.0;7095.0
473;600.0;900.0;4740.0;7110.0
474;600.0;900.0;4750.0;7125.0
475;600.0;900.0;4760.0;7140.0
476;600.0;900.0;4770.0;7155.0
477;600.0;900.0;4780.0;7170.0
478;600.0;900.0;4790.0;7185.0
479;600.0;900.0;4800.0;7200.0
480;600.0;900.0;4810.0;7215.0
481;600.0;900.0;4820.0;7230.0
482;600.0;900.0;4830.0;7245.0
483;600.0;900.0;4840.0;7260.0
484;600.0;900.0;4850.0;7275.0
485;600.0;900.0;4860.0;7290.0
486;600.0;900.0;4870.0;7305.0
487;600.0;900.0;4880.0;7320.0
488;600.0;900.0;4890.0;7335.0
489;600.0;900.0;4900.0;7350.0
490;600.0;900.0;4910.0;7365.0
491;600.0;900.0;4920.0;7380.0
492;600.0;900.0;4930.0;7395.0
493;600.0;900.0;4940.0;7410.0
494;600.0;900.0;4950.0;7425.0
495;600.0;900.0;4960.0;7440.0
496;600.0;900.0;4970.0;7455.0
497;600.0;900.0;4980.0;7470.0
498;600.0;900.0;4990.0;7485.0
499;600.0;900.0;5000.0;7500.0
500;600.0;900.0;5010.0;7515.0
501;600.0;900.0;5020.0;7530.0
502;600.0;900.0;5030.0;7545.0
503;600.0;900.0;5040.0;7560.0
504;600.0;900.0;5050.0;7575.0
505;600.0;900.0;5060.0;7590.0
506;600.0;900.0;5070.0;7605.0
507;600.0;900.0;5080.0;7620.0
508;600.0;900.0;5090.0;7635.0
509;600.0;900.0;5100.0;7650.0
510;600.0;900.0;5110.0;7665.0
511;600.0;900.0;5120.0;7680.0
512;600.0;900.0;5130.0;7695.0
513;600.0;900.0;5140.0;7710.0
514;600.0;900.0;5150.0;7725.0
515;600.0;900.0;5160.0;7740.0
516;600.0;900.0;5170.0;7755.0
517;600.0;900.0;5180.0;7770.0
518;600.0;900.0;5190.0;7785.0
519;600.0;900.0;5200.0;7800.0
520;600.0;900.0;5210.0;7815.0
521;600.0;900.0;5220.0;7830.0
522;600.0;900.0;5230.0;7845.0
523;600.0;900.0;5240.0;7860.0
524;600.0;900.0;5250.0;7875.0
525;600.0;900.0;5260.0;7890.0
526;600.0;900.0;5270.0;7905.0
527;600.0;900.0;5280.0;7920.0
528;600.0;900.0;5290.0;7935.0
529;600.0;900.0;5300.0;7950.0
530;600.0;900.0;5310.0;7965.0
531;600.0;900.0;5320.0;7980.0
532;600.0;900.0;5330.0;7995.0
533;600.0;900.0;5340.0;8010.0
534;600.0;900.0;5350.0;8025.0
535;600.0;900.0;5360.0;8040.0
536;600.0;900.0;5370.0;8055.0
537;600.0;900.0;5380.0;8070.0
538;600.0;900.0;5390.0;8085.0
539;600.0;900.0;5400.0;8100.0
540;600.0;900.0;5410.0;8115.0
541;600.0;900.0;5420.0;8130.0
542;600.0;900.0;5430.0;8145.0
543;600.0;900.0;5440.0;8160.0
544;600.0;900.0;5450.0;8175.0
545;600.0;900.0;5460.0;8190.0
546;600.0;900.0;5470.0;8205.0
547;600.0;900.0;5480.0;8220.0
548;600.0;900.0;5490.0;8235.0
549;600.0;900.0;5500.0;8250.0
550;600.0;900.0;5510.0;8265.0
551;600.0;900.0;5520.0;8280.0
552;600.0;900.0;5530.0;8295.0
553;600.0;900.0;5540.0;8310.0
554;600.0;900.0;5550.0;8325.0
555;600.0;900.0;5560.0;8340.0
556;600.0;900.0;5570.0;8355.0
557;600.0;900.0;5580.0;8370.0
558;600.0;900.0;5590.0;8385.0
559;600.0;900.0;5600.0;8400.0
560;600.0;900.0;5610.0;8415.0
561;600.0;900.0;5620.0;8430.0
562;600.0;900.0;5630.0;8445.0
563;600.0;900.0;5640.0;8460.0
564;600.0;900.0;5650.0;8475.0
565;600.0;900.0;5660.0;8490.0
566;600.0;900.0;5670.0;8505.0
567;600.0;900.0;5680.0;8520.0
568;600.0;900.0;5690.0;8535.0
569;600.0;900.0;5700.0;8550.0
570;600.0;900.0;5710.0;8565.0
571;600.0;900.0;5720.0;8580.0
572;600.0;900.0;5730.0;8595.0
573;600.0;900.0;5740.0;8610.0
574;600.0;900.0;5750.0;8625.0
575;600.0;900.0;5760.0;8640.0
576;600.0;900.0;5770.0;8655.0
577;600.0;900.0;5780.0;8670.0
578;600.0;900.0;5790.0;8685.0
579;600.0;900.0;5800.0;8700.0
580;600.0;900.0;5810.0;8715.0
581;600.0;900.0;5820.0;8730.0
582;600.0;900.0;5830.0;8745.0
583;600.0;900.0;5840.0;8760.0
584;600.0;900.0;5850.0;8775.0
585;600.0;900.0;5860.0;8790.0
586;600.0;900.0;5870.0;8805.0
587;600.0;900.0;5880.0;8820.0
588;600.0;900.0;5890.0;8835.0
589;600.0;900.0;5900.0;8850.0
590;600.0;900.0;5910.0;8865.0
591;600.0;900.0;5920.0;8880.0
592;600.0;900.0;5930.0;8895.0
593;600.0;900.0;5940.0;8910.0
594;600.0;900.0;5950.0;8925.0
595;600.0;900.0;5960.0;8940.0
596;600.0;900.0;5970.0;8955.0
597;600.0;900.0;5980.0;8970.0
598;600.0;900.0;5990.0;8985.0
599;600.0;900.0;6000.0;9000.0
600;600.0;900.0;6010.0;9015.0
601;600.0;900.0;6020.0;9030.0
602;600.0;900.0;6030.0;9045.0
603;600.0;900.0;6040.0;9060.0
604;600.0;900.0;6050.0;9075.0
605;600.0;900.0;6060.0;9090.0
606;600.0;900.0;6070.0;9105.0
607;600.0;900.0;6080.0;9120.0
608;600.0;900.0;6090.0;9135.0
609;600.0;900.0;6100.0;9150.0
610;600.0;900.0;6110.0;9165.0
611;600.0;900.0;6120.0;9180.0
612;600.0;900.0;6130.0;9195.0
613;600.0;900.0;6140.0;9210.0
614;600.0;900.0;6150.0;9225.0
615;600.0;900.0;6160.0;9240.0
616;600.0;900.0;6170.0;9255.0
617;600.0;900.0;6180.0;9270.0
618;600.0;900.0;6190.0;9285.0
619;600.0;900.0;6200.0;9300.0
620;600.0;900.0;6210.0;9315.0
621;600.0;900.0;6220.0;9330.0
622;600.0;900.0;6230.0;9345.0
623;600.0;900.0;6240.0;9360.0
624;600.0;900.0;6250.0;9375.0
625;600.0;900.0;6260.0;9390.0
626;600.0;900.0;6270.0;9405.0
627;600.0;900.0;6280.0;9420.0
628;600.0;900.0;6290.0;9435.0
629;600.0;900.0;6300.0;9450.0
630;600.0;900.0;6310.0;9465.0
631;600.0;900.0;6320.0;9480.0
632;600.0;900.0;6330.0;9495.0
633;600.0;900.0;6340.0;9510.0
634;600.0;900.0;6350.0;9525.0
635;600.0;900.0;6360.0;9540.0
636;600.0;900.0;6370.0;9555.0
637;600.0;900.0;6380.0;9570.0
638;600.0;900.0;6390.0;9585.0
639;600.0;900.0;6400.0;9600.0
640;600.0;900.0;6410.0;9615.0
641;600.0;900.0;6420.0;9630.0
642;600.0;900.0;6430.0;9645.0
643;600.0;900.0;6440.0;9660.0
644;600.0;900.0;6450.0;9675.0
645;600.0;900.0;6460.0;9690.0
646;600.0;900.0;6470.0;9705.0
647;600.0;900.0;6480.0;9720.0
648;600.0;900.0;6490.0;9735.0
649;600.0;900.0;6500.0;9750.0
650;600.0;900.0;6510.0;9765.0
651;600.0;900.0;6520.0;9780.0
652;600.0;900.0;6530.0;9795.0
653;600.0;900.0;6540.0;9810.0
654;600.0;900.0;6550.0;9825.0
655;600.0;900.0;6560.0;9840.0
656;600.0;900.0;6570.0;9855.0
657;600.0;900.0;6580.0;9870.0
658;600.0;900.0;6590.0;9885.0
659;600.0;900.0;6600.0;9900.0
660;600.0;900.0;6610.0;9915.0
661;600.0;900.0;6620.0;9930.0
662;600.0;900.0;6630.0;9945.0
663;600.0;900.0;6640.0;9960.0
664;600.0;900.0;6650.0;9975.0
665;600.0;900.0;6660.0;9990.0
666;600.0;900.0;6670.0;10005.0
667;600.0;900.0;6680.0;10020.0
668;600.0;900.0;6690.0;10035.0
669;600.0;900.0;6700.0;10050.0
670;600.0;900.0;6710.0;10065.0
671;600.0;900.0;6720.0;10080.0
672;600.0;900.0;6730.0;10095.0
673;600.0;900.0;6740.0;10110.0
674;600.0;900.0;6750.0;10125.0
675;600.0;900.0;6760.0;10140.0
676;600.0;900.0;6770.0;10155.0
677;600.0;900.0;6780.0;10170.0
678;600.0;900.0;6790.0;10185.0
679;600.0;900.0;6800.0;10200.0
680;600.0;900.0;6810.0;10215.0
681;600.0;900.0;6820.0;10230.0
682;600.0;900.0;6830.0;10245.0
683;600.0;900.0;6840.0;10260.0
684;600.0;900.0;6850.0;10275.0
685;600.0;900.0;6860.0;10290.0
686;600.0;900.0;6870.0;10305.0
687;600.0;900.0;6880.0;10320.0
688;600.0;900.0;6890.0;10335.0
689;600.0;900.0;6900.0;10350.0
690;600.0;900.0;6910.0;10365.0
691;600.0;900.0;6920.0;10380.0
692;600.0;900.0;6930.0;10395.0
693;600.0;900.0;6940.0;10410.0
694;600.0;900.0;6950.0;10425.0
695;600.0;900.0;6960.0;10440.0
696;600.0;900.0;6970.0;10455.0
697;600.0;900.0;6980.0;10470.0
698;600.0;900.0;6990.0;10485.0
699;600.0;900.0;7000.0;10500.0
700;600.0;900.0;7010.0;10515.0
701;600.0;900.0;7020.0;10530.0
702;600.0;900.0;7030.0;10545.0
703;600.0;900.0;7040.0;10560.0
704;600.0;900.0;7050.0;10575.0
705;600.0;900.0;7060.0;10590.0
706;600.0;900.0;7070.0;10605.0
707;600.0;900.0;7080.0;10620.0
708;600.0;900.0;7090.0;10635.0
709;600.0;900.0;7100.0;10650.0
710;600.0;900.0;7110.0;10665.0
711;600.0;900.0;7120.0;10680.0
712;600.0;900.0;7130.0;10695.0
713;600.0;900.0;7140.0;10710.0
714;600.0;900.0;7150.0;10725.0
715;600.0;900.0;7160.0;10740.0
716;600.0;900.0;7170.0;10755.0
717;600.0;900.0;7180.0;10770.0
718;600.0;900.0;7190.0;10785.0
719;600.0;900.0;7200.0;10800.0
720;600.0;900.0;7210.0;10815.0
721;600.0;900.0;7220.0;10830.0
722;600.0;900.0;7230.0;10845.0
723;600.0;900.0;7240.0;10860.0
724;600.0;900.0;7250.0;10875.0
725;600.0;900.0;7260.0;10890.0
726;600.0;900.0;7270.0;10905.0
727;600.0;900.0;7280.0;10920.0
728;600.0;900.0;7290.0;10935.0
729;600.0;900.0;7300.0;10950.0
730;600.0;900.0;7310.0;10965.0
731;600.0;900.0;7320.0;10980.0
732;600.0;900.0;7330.0;10995.0
733;600.0;900.0;7340.0;11010.0
734;600.0;900.0;7350.0;11025.0
735;600.0;900.0;7360.0;11040.0
736;600.0;900.0;7370.0;11055.0
737;600.0;900.0;7380.0;11070.0
738;600.0;900.0;7390.0;11085.0
739;600.0;900.0;7400.0;11100.0
740;600.0;900.0;7410.0;11115.0
741;600.0;900.0;7420.0;11130.0
742;600.0;900.0;7430.0;11145.0
743;600.0;900.0;7440.0;11160.0
744;600.0;900.0;7450.0;11175.0
745;600.0;900.0;7460.0;11190.0
746;600.0;900.0;7470.0;11205.0
747;600.0;900.0;7480.0;11220.0
748;600.0;900.0;7490.0;11235.0
749;600.0;900.0;7500.0;11250.0
750;600.0;900.0;7510.0;11265.0
751;600.0;900.0;7520.0;11280.0
752;600.0;900.0;7530.0;11295.0
753;600.0;900.0;7540.0;11310.0
754;600.0;900.0;7550.0;11325.0
755;600.0;900.0;7560.0;11340.0
756;600.0;900.0;7570.0;11355.0
757;600.0;900.0;7580.0;11370.0
758;600.0;900.0;7590.0;11385.0
759;600.0;900.0;7600.0;11400.0
760;600.0;900.0;7610.0;11415.0
761;600.0;900.0;7620.0;11430.0
762;600.0;900.0;7630.0;11445.0
763;600.0;900.0;7640.0;11460.0
764;600.0;900.0;7650.0;11475.0
765;600.0;900.0;7660.0;11490.0
766;600.0;900.0;7670.0;11505.0
767;600.0;900.0;7680.0;11520.0
768;600.0;900.0;7690.0;11535.0
769;600.0;900.0;7700.0;11550.0
770;600.0;900.0;7710.0;11565.0
771;600.0;900.0;7720.0;11580.0
772;600.0;900.0;7730.0;11595.0
773;600.0;900.0;7740.0;11610.0
774;600.0;900.0;7750.0;11625.0
775;600.0;900.0;7760.0;11640.0
776;600.0;900.0;7770.0;11655.0
777;600.0;900.0;7780.0;11670.0
778;600.0;900.0;7790.0;11685.0
779;600.0;900.0;7800.0;11700.0
780;600.0;900.0;7810.0;11715.0
781;600.0;900.0;7820.0;11730.0
782;600.0;900.0;7830.0;11745.0
783;600.0;900.0;7840.0;11760.0
784;600.0;900.0;7850.0;11775.0
785;600.0;900.0;7860.0;11790.0
786;600.0;900.0;7870.0;11805.0
787;600.0;900.0;7880.0;11820.0
788;600.0;900.0;7890.0;11835.0
789;600.0;900.0;7900.0;11850.0
790;600.0;900.0;7910.0;11865.0
791;600.0;900.0;7920.0;11880.0
792;600.0;900.0;7930.0;11895.0
793;600.0;900.0;7940.0;11910.0
794;600.0;900.0;7950.0;11925.0
795;600.0;900.0;7960.0;11940.0
796;600.0;900.0;7970.0;11955.0
797;600.0;900.0;7980.0;11970.0
798;600.0;900.0;7990.0;11985.0
799;600.0;900.0;8000.0;12000.0
800;600.0;900.0;8010.0;12015.0
801;600.0;900.0;8020.0;12030.0
802;600.0;900.0;8030.0;12045.0
803;600.0;900.0;8040.0;12060.0
804;600.0;900.0;8050.0;12075.0
805;600.0;900.0;8060.0;12090.0
806;600.0;900.0;8070.0;12105.0
807;600.0;900.0;8080.0;12120.0
808;600.0;900.0;8090.0;12135.0
809;600.0;900.0;8100.0;12150.0
810;600.0;900.0;8110.0;12165.0
811;600.0;900.0;8120.0;12180.0
812;600.0;900.0;8130.0;12195.0
813;600.0;900.0;8140.0;12210.0
814;600.0;900.0;8150.0;12225.0
815;600.0;900.0;8160.0;12240.0
816;600.0;900.0;8170.0;12255.0
817;600.0;900.0;8180.0;12270.0
818;600.0;900.0;8190.0;12285.0
819;600.0;900.0;8200.0;12300.0
820;600.0;900.0;8210.0;12315.0
821;600.0;900.0;8220.0;12330.0
822;600.0;900.0;8230.0;12345.0
823;600.0;900.0;8240.0;12360.0
824;600.0;900.0;8250.0;12375.0
825;600.0;900.0;8260.0;12390.0
826;600.0;900.0;8270.0;12405.0
827;600.0;900.0;8280.0;12420.0
828;600.0;900.0;8290.0;12435.0
829;600.0;900.0;8300.0;12450.0
830;600.0;900.0;8310.0;12465.0
831;600.0;900.0;8320.0;12480.0
832;600.0;900.0;8330.0;12495.0
833;600.0;900.0;8340.0;12510.0
834;600.0;900.0;8350.0;12525.0
835;600.0;900.0;8360.0;12540.0
836;600.0;900.0;8370.0;12555.0
837;600.0;900.0;8380.0;12570.0
838;600.0;900.0;8390.0;12585.0
839;600.0;900.0;8400.0;12600.0
840;600.0;900.0;8410.0;12615.0
841;600.0;900.0;8420.0;12630.0
842;600.0;900.0;8430.0;12645.0
843;600.0;900.0;8440.0;12660.0
844;600.0;900.0;8450.0;12675.0
845;600.0;900.0;8460.0;12690.0
846;600.0;900.0;8470.0;12705.0
847;600.0;900.0;8480.0;12720.0
848;600.0;900.0;8490.0;12735.0
849;600.0;900.0;8500.0;12750.0
850;600.0;900.0;8510.0;12765.0
851;600.0;900.0;8520.0;12780.0
852;600.0;900.0;8530.0;12795.0
853;600.0;900.0;8540.0;12810.0
854;600.0;900.0;8550.0;12825.0
855;600.0;900.0;8560.0;12840.0
856;600.0;900.0;8570.0;12855.0
857;600.0;900.0;8580.0;12870.0
858;600.0;900.0;8590.0;12885.0
859;600.0;900.0;8600.0;12900.0
860;600.0;900.0;8610.0;12915.0
861;600.0;900.0;8620.0;12930.0
862;600.0;900.0;8630.0;12945.0
863;600.0;900.0;8640.0;12960.0
864;600.0;900.0;8650.0;12975.0
865;600.0;900.0;8660.0;12990.0
866;600.0;900.0;8670.0;13005.0
867;600.0;900.0;8680.0;13020.0
868;600.0;900.0;8690.0;13035.0
869;600.0;900.0;8700.0;13050.0
870;600.0;900.0;8710.0;13065.0
871;600.0;900.0;8720.0;13080.0
872;600.0;900.0;8730.0;13095.0
873;600.0;900.0;8740.0;13110.0
874;600.0;900.0;8750.0;13125.0
875;600.0;900.0;8760.0;13140.0
876;600.0;900.0;8770.0;13155.0
877;600.0;900.0;8780.0;13170.0
878;600.0;900.0;8790.0;13185.0
879;600.0;900.0;8800.0;13200.0
880;600.0;900.0;8810.0;13215.0
881;600.0;900.0;8820.0;13230.0
882;600.0;900.0;8830.0;13245.0
883;600.0;900.0;8840.0;13260.0
884;600.0;900.0;8850.0;13275.0
885;600.0;900.0;8860.0;13290.0
886;600.0;900.0;8870.0;13305.0
887;600.0;900.0;8880.0;13320.0
888;600.0;900.0;8890.0;13335.0
889;600.0;900.0;8900.0;13350.0
890;600.0;900.0;8910.0;13365.0
891;600.0;900.0;8920.0;13380.0
892;600.0;900.0;8930.0;13395.0
893;600.0;900.0;8940.0;13410.0
894;600.0;900.0;8950.0;13425.0
895;600.0;900.0;8960.0;13440.0
896;600.0;900.0;8970.0;13455.0
897;600.0;900.0;8980.0;13470.0
898;600.0;900.0;8990.0;13485.0
899;600.0;900.0;9000.0;13500.0
900;600.0;900.0;9010.0;13515.0
901;600.0;900.0;9020.0;13530.0
902;600.0;900.0;9030.0;13545.0
903;600.0;900.0;9040.0;13560.0
904;600.0;900.0;9050.0;13575.0
905;600.0;900.0;9060.0;13590.0
906;600.0;900.0;9070.0;13605.0
907;600.0;900.0;9080.0;13620.0
908;600.0;900.0;9090.0;13635.0
909;600.0;900.0;9100.0;13650.0
910;600.0;900.0;9110.0;13665.0
911;600.0;900.0;9120.0;13680.0
912;600.0;900.0;9130.0;13695.0
913;600.0;900.0;9140.0;13710.0
914;600.0;900.0;9150.0;13725.0
915;600.0;900.0;9160.0;13740.0
916;600.0;900.0;9170.0;13755.0
917;600.0;900.0;9180.0;13770.0
918;600.0;900.0;9190.0;13785.0
919;600.0;900.0;9200.0;13800.0
920;600.0;900.0;9210.0;13815.0
921;600.0;900.0;9220.0;13830.0
922;600.0;900.0;9230.0;13845.0
923;600.0;900.0;9240.0;13860.0
924;600.0;900.0;9250.0;13875.0
925;600.0;900.0;9260.0;13890.0
926;600.0;900.0;9270.0;13905.0
927;600.0;900.0;9280.0;13920.0
928;600.0;900.0;9290.0;13935.0
929;600.0;900.0;9300.0;13950.0
930;600.0;900.0;9310.0;13965.0
931;600.0;900.0;9320.0;13980.0
932;600.0;900.0;9330.0;13995.0
933;600.0;900.0;9340.0;14010.0
934;600.0;900.0;9350.0;14025.0
935;600.0;900.0;9360.0;14040.0
936;600.0;900.0;9370.0;14055.0
937;600.0;900.0;9380.0;14070.0
938;600.0;900.0;9390.0;14085.0
939;600.0;900.0;9400.0;14100.0
940;600.0;900.0;9410.0;14115.0
941;600.0;900.0;9420.0;14130.0
942;600.0;900.0;9430.0;14145.0
943;600.0;900.0;9440.0;14160.0
944;600.0;900.0;9450.0;14175.0
945;600.0;900.0;9460.0;14190.0
946;600.0;900.0;9470.0;14205.0
947;600.0;900.0;9480.0;14220.0
948;600.0;900.0;9490.0;14235.0
949;600.0;900.0;9500.0;14250.0
950;600.0;900.0;9510.0;14265.0
951;600.0;900.0;9520.0;14280.0
952;600.0;900.0;9530.0;14295.0
953;600.0;900.0;9540.0;14310.0
954;600.0;900.0;9550.0;14325.0
955;600.0;900.0;9560.0;14340.0
956;600.0;900.0;9570.0;14355.0
957;600.0;900.0;9580.0;14370.0
958;600.0;900.0;9590.0;14385.0
959;600.0;900.0;9600.0;14400.0
960;600.0;900.0;9610.0;14415.0
961;600.0;900.0;9620.0;14430.0
962;600.0;900.0;9630.0;14445.0
963;600.0;900.0;9640.0;14460.0
964;600.0;900.0;9650.0;14475.0
965;600.0;900.0;9660.0;14490.0
966;600.0;900.0;9670.0;14505.0
967;600.0;900.0;9680.0;14520.0
968;600.0;900.0;9690.0;14535.0
969;600.0;900.0;9700.0;14550.0
970;600.0;900.0;9710.0;14565.0
971;600.0;900.0;9720.0;14580.0
972;600.0;900.0;9730.0;14595.0
973;600.0;900.0;9740.0;14610.0
974;600.0;900.0;9750.0;14625.0
975;600.0;900.0;9760.0;14640.0
976;600.0;900.0;9770.0;14655.0
977;600.0;900.0;9780.0;14670.0
978;600.0;900.0;9790.0;14685.0
979;600.0;900.0;9800.0;14700.0
980;600.0;900.0;9810.0;14715.0
981;600.0;900.0;9820.0;14730.0
982;600.0;900.0;9830.0;14745.0
983;600.0;900.0;9840.0;14760.0
984;600.0;900.0;9850.0;14775.0
985;600.0;900.0;9860.0;14790.0
986;600.0;900.0;9870.0;14805.0
987;600.0;900.0;9880.0;14820.0
988;600.0;900.0;9890.0;14835.0
989;600.0;900.0;9900.0;14850.0
990;600.0;900.0;9910.0;14865.0
991;600.0;900.0;9920.0;14880.0
992;600.0;900.0;9930.0;14895.0
993;600.0;900.0;9940.0;14910.0
994;600.0;900.0;9950.0;14925.0
995;600.0;900.0;9960.0;14940.0
996;600.0;900.0;9970.0;14955.0
997;600.0;900.0;9980.0;14970.0
998;600.0;900.0;9990.0;14985.0
999;600.0;900.0;10000.0;15000.0
1000;600.0;900.0;10010.0;15015.0
1001;600.0;900.0;10020.0;15030.0
1002;600.0;900.0;10030.0;15045.0
1003;600.0;900.0;10040.0;15060.0
1004;600.0;900.0;10050.0;15075.0
1005;600.0;900.0;10060.0;15090.0
1006;600.0;900.0;10070.0;15105.0
1007;600.0;900.0;10080.0;15120.0
1008;600.0;900.0;10090.0;15135.0
1009;600.0;900.0;10100.0;15150.0
1010;600.0;900.0;10110.0;15165.0
1011;600.0;900.0;10120.0;15180.0
1012;600.0;900.0;10130.0;15195.0
1013;600.0;900.0;10140.0;15210.0
1014;600.0;900.0;10150.0;15225.0
1015;600.0;900.0;10160.0;15240.0
1016;600.0;900.0;10170.0;15255.0
1017;600.0;900.0;10180.0;15270.0
1018;600.0;900.0;10190.0;15285.0
1019;600.0;900.0;10200.0;15300.0
1020;600.0;900.0;10210.0;15315.0
1021;600.0;900.0;10220.0;15330.0
1022;600.0;900.0;10230.0;15345.0
1023;600.0;900.0;10240.0;15360.0
1024;600.0;900.0;10250.0;15375.0
1025;600.0;900.0;10260.0;15390.0
1026;600.0;900.0;10270.0;15405.0
1027;600.0;900.0;10280.0;15420.0
1028;600.0;900.0;10290.0;15435.0
1029;600.0;900.0;10300.0;15450.0
1030;600.0;900.0;10310.0;15465.0
1031;600.0;900.0;10320.0;15480.0
1032;600.0;900.0;10330.0;15495.0
1033;600.0;900.0;10340.0;15510.0
1034;600.0;900.0;10350.0;15525.0
1035;600.0;900.0;10360.0;15540.0
1036;600.0;900.0;10370.0;15555.0
1037;600.0;900.0;10380.0;15570.0
1038;600.0;900.0;10390.0;15585.0
1039;600.0;900.0;10400.0;15600.0
1040;600.0;900.0;10410.0;15615.0
1041;600.0;900.0;10420.0;15630.0
1042;600.0;900.0;10430.0;15645.0
1043;600.0;900.0;10440.0;15660.0
1044;600.0;900.0;10450.0;15675.0
1045;600.0;900.0;10460.0;15690.0
1046;600.0;900.0;10470.0;15705.0
1047;600.0;900.0;10480.0;15720.0
1048;600.0;900.0;10490.0;15735.0
1049;600.0;900.0;10500.0;15750.0
1050;600.0;900.0;10510.0;15765.0
1051;600.0;900.0;10520.0;15780.0
1052;600.0;900.0;10530.0;15795.0
1053;600.0;900.0;10540.0;15810.0
1054;600.0;900.0;10550.0;15825.0
1055;600.0;900.0;10560.0;15840.0
1056;600.0;900.0;10570.0;15855.0
1057;600.0;900.0;10580.0;15870.0
1058;600.0;900.0;10590.0;15885.0
1059;600.0;900.0;10600.0;15900.0
1060;600.0;900.0;10610.0;15915.0
1061;600.0;900.0;10620.0;15930.0
1062;600.0;900.0;10630.0;15945.0
1063;600.0;900.0;10640.0;15960.0
1064;600.0;900.0;10650.0;15975.0
1065;600.0;900.0;10660.0;15990.0
1066;600.0;900.0;10670.0;16005.0
1067;600.0;900.0;10680.0;16020.0
1068;600.0;900.0;10690.0;16035.0
1069;600.0;900.0;10700.0;16050.0
1070;600.0;900.0;10710.0;16065.0
1071;600.0;900.0;10720.0;16080.0
1072;600.0;900.0;10730.0;16095.0
1073;600.0;900.0;10740.0;16110.0
1074;600.0;900.0;10750.0;16125.0
1075;600.0;900.0;10760.0;16140.0
1076;600.0;900.0;10770.0;16155.0
1077;600.0;900.0;10780.0;16170.0
1078;600.0;900.0;10790.0;16185.0
1079;600.0;900.0;10800.0;16200.0
1080;600.0;900.0;10810.0;16215.0
1081;600.0;900.0;10820.0;16230.0
1082;600.0;900.0;10830.0;16245.0
1083;600.0;900.0;10840.0;16260.0
1084;600.0;900.0;10850.0;16275.0
1085;600.0;900.0;10860.0;16290.0
1086;600.0;900.0;10870.0;16305.0
1087;600.0;900.0;10880.0;16320.0
1088;600.0;900.0;10890.0;16335.0
1089;600.0;900.0;10900.0;16350.0
1090;600.0;900.0;10910.0;16365.0
1091;600.0;900.0;10920.0;16380.0
1092;600.0;900.0;10930.0;16395.0
1093;600.0;900.0;10940.0;16410.0
1094;600.0;900.0;10950.0;16425.0
1095;600.0;900.0;10960.0;16440.0
1096;600.0;900.0;10970.0;16455.0
1097;600.0;900.0;10980.0;16470.0
1098;600.0;900.0;10990.0;16485.0
1099;600.0;900.0;11000.0;16500.0
1100;600.0;900.0;11010.0;16515.0
1101;600.0;900.0;11020.0;16530.0
1102;600.0;900.0;11030.0;16545.0
1103;600.0;900.0;11040.0;16560.0
1104;600.0;900.0;11050.0;16575.0
1105;600.0;900.0;11060.0;16590.0
1106;600.0;900.0;11070.0;16605.0
1107;600.0;900.0;11080.0;16620.0
1108;600.0;900.0;11090.0;16635.0
1109;600.0;900.0;11100.0;16650.0
1110;600.0;900.0;11110.0;16665.0
1111;600.0;900.0;11120.0;16680.0
1112;600.0;900.0;11130.0;16695.0
1113;600.0;900.0;11140.0;16710.0
1114;600.0;900.0;11150.0;16725.0
1115;600.0;900.0;11160.0;16740.0
1116;600.0;900.0;11170.0;16755.0
1117;600.0;900.0;11180.0;16770.0
1118;600.0;900.0;11190.0;16785.0
1119;600.0;900.0;11200.0;16800.0
1120;600.0;900.0;11210.0;16815.0
1121;600.0;900.0;11220.0;16830.0
1122;600.0;900.0;11230.0;16845.0
1123;600.0;900.0;11240.0;16860.0
1124;600.0;900.0;11250.0;16875.0
1125;600.0;900.0;11260.0;16890.0
1126;600.0;900.0;11270.0;16905.0
1127;600.0;900.0;11280.0;16920.0
1128;600.0;900.0;11290.0;16935.0
1129;600.0;900.0;11300.0;16950.0
1130;600.0;900.0;11310.0;16965.0
1131;600.0;900.0;11320.0;16980.0
1132;600.0;900.0;11330.0;16995.0
1133;600.0;900.0;11340.0;17010.0
1134;600.0;900.0;11350.0;17025.0
1135;600.0;900.0;11360.0;17040.0
1136;600.0;900.0;11370.0;17055.0
1137;600.0;900.0;11380.0;17070.0
1138;600.0;900.0;11390.0;17085.0
1139;600.0;900.0;11400.0;17100.0
1140;600.0;900.0;11410.0;17115.0
1141;600.0;900.0;11420.0;17130.0
1142;600.0;900.0;11430.0;17145.0
1143;600.0;900.0;11440.0;17160.0
1144;600.0;900.0;11450.0;17175.0
1145;600.0;900.0;11460.0;17190.0
1146;600.0;900.0;11470.0;17205.0
1147;600.0;900.0;11480.0;17220.0
1148;600.0;900.0;11490.0;17235.0
1149;600.0;900.0;11500.0;17250.0
1150;600.0;900.0;11510.0;17265.0
1151;600.0;900.0;11520.0;17280.0
1152;600.0;900.0;11530.0;17295.0
1153;600.0;900.0;11540.0;17310.0
1154;600.0;900.0;11550.0;17325.0
1155;600.0;900.0;11560.0;17340.0
1156;600.0;900.0;11570.0;17355.0
1157;600.0;900.0;11580.0;17370.0
1158;600.0;900.0;11590.0;17385.0
1159;600.0;900.0;11600.0;17400.0
1160;600.0;900.0;11610.0;17415.0
1161;600.0;900.0;11620.0;17430.0
1162;600.0;900.0;11630.0;17445.0
1163;600.0;900.0;11640.0;17460.0
1164;600.0;900.0;11650.0;17475.0
1165;600.0;900.0;11660.0;17490.0
1166;600.0;900.0;11670.0;17505.0
1167;600.0;900.0;11680.0;17520.0
1168;600.0;900.0;11690.0;17535.0
1169;600.0;900.0;11700.0;17550.0
1170;600.0;900.0;11710.0;17565.0
1171;600.0;900.0;11720.0;17580.0
1172;600.0;900.0;11730.0;17595.0
1173;600.0;900.0;11740.0;17610.0
1174;600.0;900.0;11750.0;17625.0
1175;600.0;900.0;11760.0;17640.0
1176;600.0;900.0;11770.0;17655.0
1177;600.0;900.0;11780.0;17670.0
1178;600.0;900.0;11790.0;17685.0
1179;600.0;900.0;11800.0;17700.0
1180;600.0;900.0;11810.0;17715.0
1181;600.0;900.0;11820.0;17730.0
1182;600.0;900.0;11830.0;17745.0
1183;600.0;900.0;11840.0;17760.0
1184;600.0;900.0;11850.0;17775.0
1185;600.0;900.0;11860.0;17790.0
1186;600.0;900.0;11870.0;17805.0
1187;600.0;900.0;11880.0;17820.0
1188;600.0;900.0;11890.0;17835.0
1189;600.0;900.0;11900.0;17850.0
1190;600.0;900.0;11910.0;17865.0
1191;600.0;900.0;11920.0;17880.0
1192;600.0;900.0;11930.0;17895.0
1193;600.0;900.0;11940.0;17910.0
1194;600.0;900.0;11950.0;17925.0
1195;600.0;900.0;11960.0;17940.0
1196;600.0;900.0;11970.0;17955.0
1197;600.0;900.0;11980.0;17970.0
1198;600.0;900.0;11990.0;17985.0
1199;600.0;900.0;12000.0;18000.0
1200;600.0;900.0;12010.0;18015.0
1201;600.0;900.0;12020.0;18030.0
1202;600.0;900.0;12030.0;18045.0
1203;600.0;900.0;12040.0;18060.0
1204;600.0;900.0;12050.0;18075.0
1205;600.0;900.0;12060.0;18090.0
1206;600.0;900.0;12070.0;18105.0
1207;600.0;900.0;12080.0;18120.0
1208;600.0;900.0;12090.0;18135.0
1209;600.0;900.0;12100.0;18150.0
1210;600.0;900.0;12110.0;18165.0
1211;600.0;900.0;12120.0;18180.0
1212;600.0;900.0;12130.0;18195.0
1213;600.0;900.0;12140.0;18210.0
1214;600.0;900.0;12150.0;18225.0
1215;600.0;900.0;12160.0;18240.0
1216;600.0;900.0;12170.0;18255.0
1217;600.0;900.0;12180.0;18270.0
1218;600.0;900.0;12190.0;18285.0
1219;600.0;900.0;12200.0;18300.0
1220;600.0;900.0;12210.0;18315.0
1221;600.0;900.0;12220.0;18330.0
1222;600.0;900.0;12230.0;18345.0
1223;600.0;900.0;12240.0;18360.0
1224;600.0;900.0;12250.0;18375.0
1225;600.0;900.0;12260.0;18390.0
1226;600.0;900.0;12270.0;18405.0
1227;600.0;900.0;12280.0;18420.0
1228;600.0;900.0;12290.0;18435.0
1229;600.0;900.0;12300.0;18450.0
1230;600.0;900.0;12310.0;18465.0
1231;600.0;900.0;12320.0;18480.0
1232;600.0;900.0;12330.0;18495.0
1233;600.0;900.0;12340.0;18510.0
1234;600.0;900.0;12350.0;18525.0
1235;600.0;900.0;12360.0;18540.0
1236;600.0;900.0;12370.0;18555.0
1237;600.0;900.0;12380.0;18570.0
1238;600.0;900.0;12390.0;18585.0
1239;600.0;900.0;12400.0;18600.0
1240;600.0;900.0;12410.0;18615.0
1241;600.0;900.0;12420.0;18630.0
1242;600.0;900.0;12430.0;18645.0
1243;600.0;900.0;12440.0;18660.0
1244;600.0;900.0;12450.0;18675.0
1245;600.0;900.0;12460.0;18690.0
1246;600.0;900.0;12470.0;18705.0
1247;600.0;900.0;12480.0;18720.0
1248;600.0;900.0;12490.0;18735.0
1249;600.0;900.0;12500.0;18750.0
1250;600.0;900.0;12510.0;18765.0
1251;600.0;900.0;12520.0;18780.0
1252;600.0;900.0;12530.0;18795.0
1253;600.0;900.0;12540.0;18810.0
1254;600.0;900.0;12550.0;18825.0
1255;600.0;900.0;12560.0;18840.0
1256;600.0;900.0;12570.0;18855.0
1257;600.0;900.0;12580.0;18870.0
1258;600.0;900.0;12590.0;18885.0
1259;600.0;900.0;12600.0;18900.0
1260;600.0;900.0;12610.0;18915.0
1261;600.0;900.0;12620.0;18930.0
1262;600.0;900.0;12630.0;18945.0
1263;600.0;900.0;12640.0;18960.0
1264;600.0;900.0;12650.0;18975.0
1265;600.0;900.0;12660.0;18990.0
1266;600.0;900.0;12670.0;19005.0
1267;600.0;900.0;12680.0;19020.0
1268;600.0;900.0;12690.0;19035.0
1269;600.0;900.0;12700.0;19050.0
1270;600.0;900.0;12710.0;19065.0
1271;600.0;900.0;12720.0;19080.0
1272;600.0;900.0;12730.0;19095.0
1273;600.0;900.0;12740.0;19110.0
1274;600.0;900.0;12750.0;19125.0
1275;600.0;900.0;12760.0;19140.0
1276;600.0;900.0;12770.0;19155.0
1277;600.0;900.0;12780.0;19170.0
1278;600.0;900.0;12790.0;19185.0
1279;600.0;900.0;12800.0;19200.0
1280;600.0;900.0;12810.0;19215.0
1281;600.0;900.0;12820.0;19230.0
1282;600.0;900.0;12830.0;19245.0
1283;600.0;900.0;12840.0;19260.0
1284;600.0;900.0;12850.0;19275.0
1285;600.0;900.0;12860.0;19290.0
1286;600.0;900.0;12870.0;19305.0
1287;600.0;900.0;12880.0;19320.0
1288;600.0;900.0;12890.0;19335.0
1289;600.0;900.0;12900.0;19350.0
1290;600.0;900.0;12910.0;19365.0
1291;600.0;900.0;12920.0;19380.0
1292;600.0;900.0;12930.0;19395.0
1293;600.0;900.0;12940.0;19410.0
1294;600.0;900.0;12950.0;19425.0
1295;600.0;900.0;12960.0;19440.0
1296;600.0;900.0;12970.0;19455.0
1297;600.0;900.0;12980.0;19470.0
1298;600.0;900.0;12990.0;19485.0
1299;600.0;900.0;13000.0;19500.0
1300;600.0;900.0;13010.0;19515.0
1301;600.0;900.0;13020.0;19530.0
1302;600.0;900.0;13030.0;19545.0
1303;600.0;900.0;13040.0;19560.0
1304;600.0;900.0;13050.0;19575.0
1305;600.0;900.0;13060.0;19590.0
1306;600.0;900.0;13070.0;19605.0
1307;600.0;900.0;13080.0;19620.0
1308;600.0;900.0;13090.0;19635.0
1309;600.0;900.0;13100.0;19650.0
1310;600.0;900.0;13110.0;19665.0
1311;600.0;900.0;13120.0;19680.0
1312;600.0;900.0;13130.0;19695.0
1313;600.0;900.0;13140.0;19710.0
1314;600.0;900.0;13150.0;19725.0
1315;600.0;900.0;13160.0;19740.0
1316;600.0;900.0;13170.0;19755.0
1317;600.0;900.0;13180.0;19770.0
1318;600.0;900.0;13190.0;19785.0
1319;600.0;900.0;13200.0;19800.0
1320;600.0;900.0;13210.0;19815.0
1321;600.0;900.0;13220.0;19830.0
1322;600.0;900.0;13230.0;19845.0
1323;600.0;900.0;13240.0;19860.0
1324;600.0;900.0;13250.0;19875.0
1325;600.0;900.0;13260.0;19890.0
1326;600.0;900.0;13270.0;19905.0
1327;600.0;900.0;13280.0;19920.0
1328;600.0;900.0;13290.0;19935.0
1329;600.0;900.0;13300.0;19950.0
1330;600.0;900.0;13310.0;19965.0
1331;600.0;900.0;13320.0;19980.0
1332;600.0;900.0;13330.0;19995.0
1333;600.0;900.0;13340.0;20010.0
1334;600.0;900.0;13350.0;20025.0
1335;600.0;900.0;13360.0;20040.0
1336;600.0;900.0;13370.0;20055.0
1337;600.0;900.0;13380.0;20070.0
1338;600.0;900.0;13390.0;20085.0
1339;600.0;900.0;13400.0;20100.0
1340;600.0;900.0;13410.0;20115.0
1341;600.0;900.0;13420.0;20130.0
1342;600.0;900.0;13430.0;20145.0
1343;600.0;900.0;13440.0;20160.0
1344;600.0;900.0;13450.0;20175.0
1345;600.0;900.0;13460.0;20190.0
1346;600.0;900.0;13470.0;20205.0
1347;600.0;900.0;13480.0;20220.0
1348;600.0;900.0;13490.0;20235.0
1349;600.0;900.0;13500.0;20250.0
1350;600.0;900.0;13510.0;20265.0
1351;600.0;900.0;13520.0;20280.0
1352;600.0;900.0;13530.0;20295.0
1353;600.0;900.0;13540.0;20310.0
1354;600.0;900.0;13550.0;20325.0
1355;600.0;900.0;13560.0;20340.0
1356;600.0;900.0;13570.0;20355.0
1357;600.0;900.0;13580.0;20370.0
1358;600.0;900.0;13590.0;20385.0
1359;600.0;900.0;13600.0;20400.0
1360;600.0;900.0;13610.0;20415.0
1361;600.0;900.0;13620.0;20430.0
1362;600.0;900.0;13630.0;20445.0
1363;600.0;900.0;13640.0;20460.0
1364;600.0;900.0;13650.0;20475.0
1365;600.0;900.0;13660.0;20490.0
1366;600.0;900.0;13670.0;20505.0
1367;600.0;900.0;13680.0;20520.0
1368;600.0;900.0;13690.0;20535.0
1369;600.0;900.0;13700.0;20550.0
1370;600.0;900.0;13710.0;20565.0
1371;600.0;900.0;13720.0;20580.0
1372;600.0;900.0;13730.0;20595.0
1373;600.0;900.0;13740.0;20610.0
1374;600.0;900.0;13750.0;20625.0
1375;600.0;900.0;13760.0;20640.0
1376;600.0;900.0;13770.0;20655.0
1377;600.0;900.0;13780.0;20670.0
1378;600.0;900.0;13790.0;20685.0
1379;600.0;900.0;13800.0;20700.0
1380;600.0;900.0;13810.0;20715.0
1381;600.0;900.0;13820.0;20730.0
1382;600.0;900.0;13830.0;20745.0
1383;600.0;900.0;13840.0;20760.0
1384;600.0;900.0;13850.0;20775.0
1385;600.0;900.0;13860.0;20790.0
1386;600.0;900.0;13870.0;20805.0
1387;600.0;900.0;13880.0;20820.0
1388;600.0;900.0;13890.0;20835.0
1389;600.0;900.0;13900.0;20850.0
1390;600.0;900.0;13910.0;20865.0
1391;600.0;900.0;13920.0;20880.0
1392;600.0;900.0;13930.0;20895.0
1393;600.0;900.0;13940.0;20910.0
1394;600.0;900.0;13950.0;20925.0
1395;600.0;900.0;13960.0;20940.0
1396;600.0;900.0;13970.0;20955.0
1397;600.0;900.0;13980.0;20970.0
1398;600.0;900.0;13990.0;20985.0
1399;600.0;900.0;14000.0;21000.0
1400;600.0;900.0;14010.0;21015.0
1401;600.0;900.0;14020.0;21030.0
1402;600.0;900.0;14030.0;21045.0
1403;600.0;900.0;14040.0;21060.0
1404;600.0;900.0;14050.0;21075.0
1405;600.0;900.0;14060.0;21090.0
1406;600.0;900.0;14070.0;21105.0
1407;600.0;900.0;14080.0;21120.0
1408;600.0;900.0;14090.0;21135.0
1409;600.0;900.0;14100.0;21150.0
1410;600.0;900.0;14110.0;21165.0
1411;600.0;900.0;14120.0;21180.0
1412;600.0;900.0;14130.0;21195.0
1413;600.0;900.0;14140.0;21210.0
1414;600.0;900.0;14150.0;21225.0
1415;600.0;900.0;14160.0;21240.0
1416;600.0;900.0;14170.0;21255.0
1417;600.0;900.0;14180.0;21270.0
1418;600.0;900.0;14190.0;21285.0
1419;600.0;900.0;14200.0;21300.0
1420;600.0;900.0;14210.0;21315.0
1421;600.0;900.0;14220.0;21330.0
1422;600.0;900.0;14230.0;21345.0
1423;600.0;900.0;14240.0;21360.0
1424;600.0;900.0;14250.0;21375.0
1425;600.0;900.0;14260.0;21390.0
1426;600.0;900.0;14270.0;21405.0
1427;600.0;900.0;14280.0;21420.0
1428;600.0;900.0;14290.0;21435.0
1429;600.0;900.0;14300.0;21450.0
1430;600.0;900.0;14310.0;21465.0
1431;600.0;900.0;14320.0;21480.0
1432;600.0;900.0;14330.0;21495.0
1433;600.0;900.0;14340.0;21510.0
1434;600.0;900.0;14350.0;21525.0
1435;600.0;900.0;14360.0;21540.0
1436;600.0;900.0;14370.0;21555.0
1437;600.0;900.0;14380.0;21570.0
1438;600.0;900.0;14390.0;21585.0
1439;600.0;900.0;14400.0;21600.0
